time_s,q1_rad,q2_rad,q3_rad,q4_rad,q5_rad,q6_rad,dq1_rad_s,dq2_rad_s,dq3_rad_s,dq4_rad_s,dq5_rad_s,dq6_rad_s,ddq1_rad_s2,ddq2_rad_s2,ddq3_rad_s2,ddq4_rad_s2,ddq5_rad_s2,ddq6_rad_s2,ee_x_m,ee_y_m,ee_z_m
0.00000000,0.00000000,-0.55000000,1.00000000,0.00000000,-0.45000000,0.00000000,0.00000000,-0.00000000,0.00000000,0.00000000,-0.00000000,0.00000000,0.00000000,-0.00000000,0.00000000,0.00000000,-0.00000000,0.00000000,0.56409938,-0.31004471,0.15344994
0.02000000,0.00000202,-0.55000076,1.00000076,0.00000091,-0.45000000,0.00000051,0.00030229,-0.00011350,0.00011373,0.00013558,-0.00000000,0.00007579,0.02998566,-0.01125874,0.01128090,0.01344820,-0.00000036,0.00751828,0.56409986,-0.31004357,0.15344977
0.04000000,0.00001599,-0.55000600,1.00000602,0.00000717,-0.45000000,0.00000401,0.00118975,-0.00044672,0.00044760,0.00053359,-0.00000001,0.00029831,0.05852040,-0.02197270,0.02201594,0.02624568,-0.00000070,0.01467276,0.56410320,-0.31003569,0.15344858
0.06000000,0.00005332,-0.55002002,1.00002006,0.00002391,-0.45000000,0.00001337,0.00263360,-0.00098884,0.00099078,0.00118113,-0.00000003,0.00066032,0.08562782,-0.03215075,0.03221402,0.03840302,-0.00000102,0.02146938,0.56411211,-0.31001463,0.15344542
0.08000000,0.00012486,-0.55004688,1.00004697,0.00005600,-0.45000000,0.00003131,0.00460551,-0.00172923,0.00173264,0.00206551,-0.00000005,0.00115473,0.11133150,-0.04180173,0.04188399,0.04993080,-0.00000132,0.02791404,0.56412917,-0.30997428,0.15343937
0.10000000,0.00024088,-0.55009044,1.00009062,0.00010803,-0.45000000,0.00006040,0.00707765,-0.00265745,0.00266268,0.00317424,-0.00000008,0.00177457,0.13565504,-0.05093451,0.05103474,0.06083961,-0.00000161,0.03401266,0.56415685,-0.30990883,0.15342955
0.12000000,0.00041112,-0.55015436,1.00015467,0.00018438,-0.45000000,0.00010308,0.01002267,-0.00376322,0.00377062,0.00449504,-0.00000012,0.00251297,0.15862203,-0.05955794,0.05967514,0.07114002,-0.00000189,0.03977115,0.56419744,-0.30981279,0.15341514
0.14000000,0.00064476,-0.55024209,1.00024256,0.00028917,-0.45000001,0.00016166,0.01341365,-0.00503643,0.00504634,0.00601586,-0.00000016,0.00336319,0.18025606,-0.06768089,0.06781407,0.08084261,-0.00000214,0.04519543,0.56425313,-0.30968097,0.15339536
0.16000000,0.00095046,-0.55035687,1.00035757,0.00042627,-0.45000001,0.00023831,0.01722418,-0.00646718,0.00647990,0.00772483,-0.00000020,0.00431860,0.20058072,-0.07531221,0.07546041,0.08995797,-0.00000239,0.05029141,0.56432594,-0.30950848,0.15336949
0.18000000,0.00133635,-0.55050176,1.00050275,0.00059934,-0.45000002,0.00033506,0.02142831,-0.00804570,0.00806154,0.00961033,-0.00000025,0.00537270,0.21961961,-0.08246075,0.08262303,0.09849668,-0.00000261,0.05506501,0.56441776,-0.30929073,0.15333683
0.20000000,0.00181004,-0.55067962,1.00068096,0.00081178,-0.45000002,0.00045383,0.02600055,-0.00976245,0.00978166,0.01166092,-0.00000031,0.00651909,0.23739632,-0.08913539,0.08931080,0.10646931,-0.00000282,0.05952215,0.56453036,-0.30902339,0.15329675
0.22000000,0.00237866,-0.55089312,1.00089487,0.00106680,-0.45000003,0.00059640,0.03091590,-0.01160802,0.01163086,0.01386540,-0.00000037,0.00775151,0.25393444,-0.09534497,0.09553260,0.11388645,-0.00000302,0.06366874,0.56466533,-0.30870244,0.15324864
0.24000000,0.00304880,-0.55114474,1.00114699,0.00136735,-0.45000004,0.00076442,0.03614983,-0.01357321,0.01359992,0.01621275,-0.00000043,0.00906381,0.26925756,-0.10109836,0.10129730,0.12075868,-0.00000320,0.06751069,0.56482416,-0.30832411,0.15319195
0.26000000,0.00382661,-0.55143678,1.00143961,0.00171619,-0.45000005,0.00095944,0.04167826,-0.01564897,0.01567977,0.01869218,-0.00000050,0.01044995,0.28338927,-0.10640440,0.10661379,0.12709658,-0.00000337,0.07105392,0.56500815,-0.30788490,0.15312616
0.28000000,0.00471774,-0.55177137,1.00177486,0.00211585,-0.45000006,0.00118287,0.04747761,-0.01782646,0.01786154,0.02129312,-0.00000056,0.01190402,0.29635318,-0.11127197,0.11149094,0.13291073,-0.00000353,0.07430434,0.56521850,-0.30738158,0.15305080
0.30000000,0.00572737,-0.55215046,1.00215469,0.00256865,-0.45000007,0.00143602,0.05352476,-0.02009699,0.02013653,0.02400519,-0.00000064,0.01342021,0.30817286,-0.11570992,0.11593762,0.13821171,-0.00000367,0.07726788,0.56545623,-0.30681118,0.15296544
0.32000000,0.00686023,-0.55257582,1.00258089,0.00307673,-0.45000008,0.00172006,0.05979706,-0.02245205,0.02249623,0.02681824,-0.00000071,0.01499286,0.31887191,-0.11972710,0.11996270,0.14301011,-0.00000379,0.07995045,0.56572224,-0.30617096,0.15286968
0.34000000,0.00812061,-0.55304905,1.00305505,0.00364199,-0.45000010,0.00203607,0.06627232,-0.02488332,0.02493229,0.02972232,-0.00000079,0.01661640,0.32847393,-0.12333238,0.12357508,0.14731649,-0.00000391,0.08235795,0.56601727,-0.30545843,0.15276318
0.36000000,0.00951233,-0.55357160,1.00357863,0.00426616,-0.45000011,0.00238502,0.07292886,-0.02738266,0.02743654,0.03270769,-0.00000087,0.01828538,0.33700250,-0.12653461,0.12678361,0.15114145,-0.00000401,0.08449631,0.56634192,-0.30467134,0.15264561
0.38000000,0.01103883,-0.55414476,1.00415291,0.00495078,-0.45000013,0.00276775,0.07974542,-0.02994208,0.03000100,0.03576484,-0.00000095,0.01999449,0.34448122,-0.12934265,0.12959718,0.15449557,-0.00000410,0.08637144,0.56669664,-0.30380768,0.15251671
0.40000000,0.01270308,-0.55476964,1.00477902,0.00569717,-0.45000015,0.00318503,0.08670126,-0.03255379,0.03261786,0.03888444,-0.00000103,0.02173852,0.35093369,-0.13176536,0.13202465,0.15738942,-0.00000418,0.08798926,0.56708176,-0.30286565,0.15237622
0.42000000,0.01450767,-0.55544721,1.00545793,0.00650651,-0.45000017,0.00363749,0.09377609,-0.03521018,0.03527947,0.04205741,-0.00000112,0.02351239,0.35638348,-0.13381160,0.13407492,0.15983358,-0.00000424,0.08935568,0.56749743,-0.30184369,0.15222395
0.44000000,0.01645478,-0.55617829,1.00619045,0.00737977,-0.45000020,0.00412569,0.10095008,-0.03790381,0.03797840,0.04527486,-0.00000120,0.02531111,0.36085420,-0.13549022,0.13575685,0.16183864,-0.00000429,0.09047662,0.56794370,-0.30074045,0.15205972
0.46000000,0.01854621,-0.55696356,1.00697726,0.00831774,-0.45000022,0.00465007,0.10820388,-0.04062740,0.04070735,0.04852810,-0.00000129,0.02712986,0.36436943,-0.13681009,0.13707931,0.16341518,-0.00000434,0.09135799,0.56842046,-0.29955478,0.15188341
0.48000000,0.02078334,-0.55780354,1.00781890,0.00932107,-0.45000025,0.00521099,0.11551864,-0.04337388,0.04345923,0.05180868,-0.00000137,0.02896388,0.36695278,-0.13778006,0.13805119,0.16457378,-0.00000437,0.09200571,0.56892747,-0.29828575,0.15169491
0.50000000,0.02316723,-0.55869862,1.00871574,0.01039022,-0.45000028,0.00580870,0.12287594,-0.04613633,0.04622712,0.05510834,-0.00000146,0.03080857,0.36862782,-0.13840899,0.13868136,0.16532502,-0.00000439,0.09242570,0.56946437,-0.29693265,0.15149416
0.52000000,0.02569855,-0.55964905,1.00966804,0.01152548,-0.45000031,0.00644337,0.13025786,-0.04890802,0.04900427,0.05841904,-0.00000155,0.03265943,0.36941816,-0.13870574,0.13897869,0.16567947,-0.00000440,0.09262386,0.57003067,-0.29549492,0.15128111
0.54000000,0.02837760,-0.56065496,1.01067593,0.01272700,-0.45000034,0.00711509,0.13764693,-0.05168240,0.05178411,0.06173294,-0.00000164,0.03451208,0.36934738,-0.13867917,0.13895206,0.16564773,-0.00000440,0.09260611,0.57062574,-0.29397224,0.15105577
0.56000000,0.03120436,-0.56171633,1.01173938,0.01399477,-0.45000037,0.00782384,0.14502617,-0.05445309,0.05456025,0.06504244,-0.00000173,0.03636227,0.36843908,-0.13833813,0.13861035,0.16524037,-0.00000438,0.09237837,0.57124886,-0.29236446,0.15081816
0.58000000,0.03417847,-0.56283302,1.01285827,0.01532862,-0.45000041,0.00856953,0.15237906,-0.05721389,0.05732648,0.06834012,-0.00000181,0.03820585,0.36671685,-0.13769148,0.13796243,0.16446797,-0.00000436,0.09194656,0.57189917,-0.29067162,0.15056834
0.60000000,0.03729924,-0.56400478,1.01403233,0.01672825,-0.45000044,0.00935200,0.15968957,-0.05995877,0.06007676,0.07161880,-0.00000190,0.04003881,0.36420429,-0.13674808,0.13701718,0.16334112,-0.00000433,0.09131659,0.57257572,-0.28889394,0.15030640
0.62000000,0.04056566,-0.56523122,1.01526120,0.01819320,-0.45000048,0.01017099,0.16694212,-0.06268190,0.06280524,0.07487148,-0.00000199,0.04185724,0.36092497,-0.13551680,0.13578347,0.16187038,-0.00000429,0.09049437,0.57327746,-0.28703182,0.15003243
0.64000000,0.04397644,-0.56651187,1.01654436,0.01972289,-0.45000052,0.01102617,0.17412162,-0.06537759,0.06550624,0.07809139,-0.00000207,0.04365734,0.35690251,-0.13400648,0.13427018,0.16006636,-0.00000425,0.08948582,0.57400322,-0.28508583,0.14974659
0.66000000,0.04752994,-0.56784611,1.01788123,0.02131659,-0.45000057,0.01191714,0.18121343,-0.06804035,0.06817425,0.08127198,-0.00000216,0.04543547,0.35216048,-0.13222598,0.13248619,0.15793962,-0.00000419,0.08829686,0.57475176,-0.28305672,0.14944904
0.68000000,0.05122429,-0.56923323,1.01927108,0.02297346,-0.45000061,0.01284342,0.18820340,-0.07066488,0.07080394,0.08440689,-0.00000224,0.04718806,0.34672248,-0.13018417,0.13044036,0.15550074,-0.00000413,0.08693339,0.57552176,-0.28094539,0.14913997
0.70000000,0.05505731,-0.57067241,1.02071309,0.02469252,-0.45000066,0.01380447,0.19507784,-0.07324604,0.07339018,0.08749000,-0.00000232,0.04891168,0.34061211,-0.12788991,0.12814158,0.15276031,-0.00000405,0.08540134,0.57631180,-0.27875292,0.14881959
0.72000000,0.05902655,-0.57216275,1.02220636,0.02647268,-0.45000070,0.01479967,0.20182356,-0.07577886,0.07592798,0.09051537,-0.00000240,0.05060302,0.33385295,-0.12535204,0.12559871,0.14972892,-0.00000397,0.08370663,0.57712042,-0.27648054,0.14848814
0.74000000,0.06312931,-0.57370321,1.02374986,0.02831271,-0.45000075,0.01582835,0.20842779,-0.07825855,0.07841256,0.09347729,-0.00000248,0.05225890,0.32646859,-0.12257943,0.12282065,0.14641712,-0.00000388,0.08185515,0.57794606,-0.27412964,0.14814587
0.76000000,0.06736264,-0.57529270,1.02534248,0.03021131,-0.45000080,0.01688977,0.21487829,-0.08068053,0.08083929,0.09637025,-0.00000256,0.05387623,0.31848264,-0.11958094,0.11981626,0.14283552,-0.00000379,0.07985284,0.57878715,-0.27170175,0.14779308
0.78000000,0.07172334,-0.57693002,1.02698301,0.03216703,-0.45000085,0.01798312,0.22116325,-0.08304035,0.08320376,0.09918898,-0.00000263,0.05545205,0.30991868,-0.11636542,0.11659441,0.13899469,-0.00000369,0.07770561,0.57964204,-0.26919856,0.14743005
0.80000000,0.07620799,-0.57861388,1.02867018,0.03417834,-0.45000091,0.01910755,0.22727134,-0.08533376,0.08550168,0.10192838,-0.00000270,0.05698352,0.30080030,-0.11294174,0.11316399,0.13490521,-0.00000358,0.07541937,0.58050903,-0.26662190,0.14705711
0.82000000,0.08081294,-0.58034290,1.03040261,0.03624360,-0.45000096,0.02026215,0.23319172,-0.08755669,0.08772898,0.10458360,-0.00000277,0.05846793,0.29115110,-0.10931874,0.10953387,0.13057767,-0.00000346,0.07300003,0.58138643,-0.26397375,0.14667460
0.84000000,0.08553433,-0.58211565,1.03217885,0.03836109,-0.45000102,0.02144594,0.23891400,-0.08970524,0.08988176,0.10714997,-0.00000284,0.05990268,0.28099467,-0.10550530,0.10571292,0.12602263,-0.00000334,0.07045352,0.58227248,-0.26125619,0.14628287
0.86000000,0.09036811,-0.58393059,1.03399736,0.04052898,-0.45000108,0.02265791,0.24442828,-0.09177569,0.09195629,0.10962306,-0.00000291,0.06128527,0.27035459,-0.10151026,0.10171002,0.12125069,-0.00000322,0.06778575,0.58316542,-0.25847148,0.14588230
0.88000000,0.09531002,-0.58578613,1.03585655,0.04274536,-0.45000113,0.02389699,0.24972512,-0.09376450,0.09394901,0.11199863,-0.00000297,0.06261334,0.25925447,-0.09734249,0.09753404,0.11627242,-0.00000309,0.06500262,0.58406349,-0.25562196,0.14547326
0.90000000,0.10035561,-0.58768060,1.03775475,0.04500825,-0.45000119,0.02516206,0.25479555,-0.09566829,0.09585656,0.11427265,-0.00000303,0.06388464,0.24771790,-0.09301084,0.09319387,0.11109841,-0.00000295,0.06211007,0.58496491,-0.25271012,0.14505617
0.92000000,0.10550027,-0.58961227,1.03969022,0.04731557,-0.45000126,0.02645198,0.25963108,-0.09748390,0.09767573,0.11644133,-0.00000309,0.06509705,0.23576846,-0.08852418,0.08869838,0.10573923,-0.00000281,0.05911400,0.58586792,-0.24973857,0.14463143
0.94000000,0.11073923,-0.59157935,1.04166117,0.04966517,-0.45000132,0.02776554,0.26422369,-0.09920829,0.09940351,0.11850106,-0.00000314,0.06624855,0.22342975,-0.08389135,0.08405644,0.10020548,-0.00000266,0.05602032,0.58677076,-0.24671002,0.14419948
0.96000000,0.11606755,-0.59357998,1.04366574,0.05205486,-0.45000138,0.02910150,0.26856583,-0.10083863,0.10103707,0.12044845,-0.00000320,0.06733725,0.21072536,-0.07912122,0.07927692,0.09450771,-0.00000251,0.05283496,0.58767169,-0.24362728,0.14376075
0.98000000,0.12148015,-0.59561225,1.04570201,0.05448234,-0.45000145,0.03045860,0.27265043,-0.10237228,0.10257373,0.12228034,-0.00000324,0.06836138,0.19767888,-0.07422265,0.07436871,0.08865653,-0.00000235,0.04956383,0.58856900,-0.24049328,0.14331569
1.00000000,0.12697181,-0.59767421,1.04776802,0.05694528,-0.45000151,0.03183552,0.27647087,-0.10380674,0.10401102,0.12399376,-0.00000329,0.06931927,0.18431391,-0.06920450,0.06934068,0.08266251,-0.00000219,0.04621285,0.58946101,-0.23731104,0.14286476
1.02000000,0.13253718,-0.59976384,1.04986177,0.05944128,-0.45000158,0.03323092,0.28002102,-0.10513972,0.10534662,0.12558596,-0.00000333,0.07020940,0.17065404,-0.06407561,0.06420170,0.07653622,-0.00000203,0.04278792,0.59034610,-0.23408367,0.14240843
1.04000000,0.13817081,-0.60187911,1.05198120,0.06196790,-0.45000164,0.03464343,0.28329522,-0.10636909,0.10657841,0.12705440,-0.00000337,0.07103034,0.15672286,-0.05884486,0.05896066,0.07028826,-0.00000186,0.03929497,0.59122265,-0.23081436,0.14194716
1.06000000,0.14386711,-0.60401790,1.05412420,0.06452262,-0.45000171,0.03607166,0.28628828,-0.10749290,0.10770443,0.12839675,-0.00000341,0.07178078,0.14254395,-0.05352110,0.05362642,0.06392920,-0.00000170,0.03573991,0.59208914,-0.22750640,0.14148146
1.08000000,0.14962043,-0.60617811,1.05628866,0.06710291,-0.45000178,0.03751419,0.28899548,-0.10850937,0.10872290,0.12961090,-0.00000344,0.07245956,0.12814093,-0.04811318,0.04820786,0.05746962,-0.00000152,0.03212865,0.59294407,-0.22416313,0.14101179
1.10000000,0.15542500,-0.60835755,1.05847239,0.06970619,-0.45000185,0.03896956,0.29141258,-0.10941692,0.10963224,0.13069494,-0.00000347,0.07306559,0.11353737,-0.04262997,0.04271386,0.05092010,-0.00000135,0.02846711,0.59378603,-0.22078797,0.14053866
1.12000000,0.16127498,-0.61055405,1.06067321,0.07232983,-0.45000192,0.04043632,0.29353580,-0.11021413,0.11043101,0.13164717,-0.00000349,0.07359795,0.09875687,-0.03708032,0.03715329,0.04429123,-0.00000118,0.02476121,0.59461366,-0.21738441,0.14006255
1.14000000,0.16716445,-0.61276537,1.06288889,0.07497119,-0.45000199,0.04191298,0.29536183,-0.11089975,0.11111798,0.13246613,-0.00000351,0.07405579,0.08382302,-0.03147310,0.03153503,0.03759359,-0.00000100,0.02101686,0.59542567,-0.21395597,0.13958397
1.16000000,0.17308745,-0.61498929,1.06511718,0.07762758,-0.45000206,0.04339805,0.29688785,-0.11147273,0.11169209,0.13315053,-0.00000353,0.07443840,0.06875941,-0.02581715,0.02586796,0.03083774,-0.00000082,0.01723998,0.59622087,-0.21050623,0.13910343
1.18000000,0.17903795,-0.61722353,1.06735581,0.08029630,-0.45000213,0.04489001,0.29811150,-0.11193217,0.11215244,0.13369932,-0.00000355,0.07474521,0.05358964,-0.02012135,0.02016094,0.02403429,-0.00000064,0.01343648,0.59699811,-0.20703883,0.13862141
1.20000000,0.18500988,-0.61946581,1.06960251,0.08297464,-0.45000220,0.04638735,0.29903089,-0.11227737,0.11249832,0.13411165,-0.00000356,0.07497573,0.03833729,-0.01439454,0.01442286,0.01719380,-0.00000046,0.00961227,0.59775635,-0.20355742,0.13813843
1.22000000,0.19099715,-0.62171386,1.07185498,0.08565986,-0.45000227,0.04788853,0.29964460,-0.11250780,0.11272920,0.13438689,-0.00000357,0.07512960,0.02302597,-0.00864558,0.00866259,0.01032686,-0.00000027,0.00577328,0.59849463,-0.20006570,0.13765499
1.24000000,0.19699362,-0.62396536,1.07411091,0.08834920,-0.45000234,0.04939202,0.29995169,-0.11262311,0.11284473,0.13452462,-0.00000357,0.07520660,0.00767925,-0.00288334,0.00288901,0.00344405,-0.00000009,0.00192541,0.59921207,-0.19656736,0.13717159
1.26000000,0.20299317,-0.62621801,1.07636800,0.09103992,-0.45000242,0.05089628,0.29995169,-0.11262311,0.11284473,0.13452462,-0.00000357,0.07520660,-0.00767925,0.00288334,-0.00288901,-0.00344405,0.00000009,-0.00192541,0.59990789,-0.19306614,0.13668872
1.28000000,0.20898964,-0.62846951,1.07862393,0.09372927,-0.45000249,0.05239977,0.29964460,-0.11250780,0.11272920,0.13438689,-0.00000357,0.07512960,-0.02302597,0.00864558,-0.00866259,-0.01032686,0.00000027,-0.00577328,0.60058139,-0.18956576,0.13620690
1.30000000,0.21497691,-0.63071756,1.08087640,0.09641448,-0.45000256,0.05390095,0.29903089,-0.11227737,0.11249832,0.13411165,-0.00000356,0.07497573,-0.03833729,0.01439454,-0.01442286,-0.01719380,0.00000046,-0.00961227,0.60123198,-0.18606995,0.13572660
1.32000000,0.22094884,-0.63295984,1.08312309,0.09909282,-0.45000263,0.05539829,0.29811150,-0.11193217,0.11215244,0.13369932,-0.00000355,0.07474521,-0.05358964,0.02012135,-0.02016094,-0.02403429,0.00000064,-0.01343648,0.60185912,-0.18258245,0.13524831
1.34000000,0.22689934,-0.63519408,1.08536173,0.10176154,-0.45000270,0.05689025,0.29688785,-0.11147273,0.11169209,0.13315053,-0.00000353,0.07443840,-0.06875941,0.02581715,-0.02586796,-0.03083774,0.00000082,-0.01723998,0.60246242,-0.17910696,0.13477253
1.36000000,0.23282234,-0.63741799,1.08759002,0.10441794,-0.45000277,0.05837532,0.29536183,-0.11089975,0.11111798,0.13246613,-0.00000351,0.07405579,-0.08382302,0.03147310,-0.03153503,-0.03759359,0.00000100,-0.02101686,0.60304153,-0.17564718,0.13429973
1.38000000,0.23871181,-0.63962932,1.08980570,0.10705929,-0.45000284,0.05985198,0.29353580,-0.11021413,0.11043101,0.13164717,-0.00000349,0.07359795,-0.09875687,0.03708032,-0.03715329,-0.04429123,0.00000118,-0.02476121,0.60359623,-0.17220676,0.13383037
1.40000000,0.24456179,-0.64182581,1.09200651,0.10968293,-0.45000291,0.06131874,0.29141258,-0.10941692,0.10963224,0.13069494,-0.00000347,0.07306559,-0.11353737,0.04262997,-0.04271386,-0.05092010,0.00000135,-0.02846711,0.60412636,-0.16878934,0.13336493
1.42000000,0.25036635,-0.64400526,1.09419025,0.11228621,-0.45000298,0.06277411,0.28899548,-0.10850937,0.10872290,0.12961090,-0.00000344,0.07245956,-0.12814093,0.04811318,-0.04820786,-0.05746962,0.00000152,-0.03212865,0.60463185,-0.16539849,0.13290386
1.44000000,0.25611967,-0.64616546,1.09635470,0.11486650,-0.45000305,0.06421664,0.28628828,-0.10749290,0.10770443,0.12839675,-0.00000341,0.07178078,-0.14254395,0.05352110,-0.05362642,-0.06392920,0.00000170,-0.03573991,0.60511274,-0.16203777,0.13244760
1.46000000,0.26181598,-0.64830426,1.09849771,0.11742123,-0.45000312,0.06564487,0.28329522,-0.10636909,0.10657841,0.12705440,-0.00000337,0.07103034,-0.15672286,0.05884486,-0.05896066,-0.07028826,0.00000186,-0.03929497,0.60556913,-0.15871066,0.13199660
1.48000000,0.26744961,-0.65041952,1.10061713,0.11994784,-0.45000318,0.06705738,0.28002102,-0.10513972,0.10534662,0.12558596,-0.00000333,0.07020940,-0.17065404,0.06407561,-0.06420170,-0.07653622,0.00000203,-0.04278792,0.60600122,-0.15542058,0.13155128
1.50000000,0.27301498,-0.65250916,1.10271088,0.12244384,-0.45000325,0.06845278,0.27647087,-0.10380674,0.10401102,0.12399376,-0.00000329,0.06931927,-0.18431391,0.06920450,-0.06934068,-0.08266251,0.00000219,-0.04621285,0.60640925,-0.15217088,0.13111206
1.52000000,0.27850664,-0.65457112,1.10477690,0.12490678,-0.45000331,0.06982970,0.27265043,-0.10237228,0.10257373,0.12228034,-0.00000324,0.06836138,-0.19767888,0.07422265,-0.07436871,-0.08865653,0.00000235,-0.04956383,0.60679357,-0.14896485,0.13067934
1.54000000,0.28391924,-0.65660339,1.10681317,0.12733426,-0.45000338,0.07118680,0.26856583,-0.10083863,0.10103707,0.12044845,-0.00000320,0.06733725,-0.21072536,0.07912122,-0.07927692,-0.09450771,0.00000251,-0.05283496,0.60715459,-0.14580568,0.13025352
1.56000000,0.28924755,-0.65860402,1.10881773,0.12972395,-0.45000344,0.07252276,0.26422369,-0.09920829,0.09940351,0.11850106,-0.00000314,0.06624855,-0.22342975,0.08389135,-0.08405644,-0.10020548,0.00000266,-0.05602032,0.60749278,-0.14269650,0.12983498
1.58000000,0.29448651,-0.66057109,1.11078868,0.13207356,-0.45000350,0.07383632,0.25963108,-0.09748390,0.09767573,0.11644133,-0.00000309,0.06509705,-0.23576846,0.08852418,-0.08869838,-0.10573923,0.00000281,-0.05911400,0.60780867,-0.13964033,0.12942410
1.60000000,0.29963118,-0.66250276,1.11272415,0.13438088,-0.45000357,0.07512624,0.25479555,-0.09566829,0.09585656,0.11427265,-0.00000303,0.06388464,-0.24771790,0.09301084,-0.09319387,-0.11109841,0.00000295,-0.06211007,0.60810286,-0.13664009,0.12902122
1.62000000,0.30467677,-0.66439724,1.11462235,0.13664376,-0.45000363,0.07639131,0.24972512,-0.09376450,0.09394901,0.11199863,-0.00000297,0.06261334,-0.25925447,0.09734249,-0.09753404,-0.11627242,0.00000309,-0.06500262,0.60837597,-0.13369861,0.12862668
1.64000000,0.30961867,-0.66625278,1.11648155,0.13886014,-0.45000368,0.07763039,0.24442828,-0.09177569,0.09195629,0.10962306,-0.00000291,0.06128527,-0.27035459,0.10151026,-0.10171002,-0.12125069,0.00000322,-0.06778575,0.60862872,-0.13081859,0.12824082
1.66000000,0.31445245,-0.66806772,1.11830006,0.14102803,-0.45000374,0.07884236,0.23891400,-0.08970524,0.08988176,0.10714997,-0.00000284,0.05990268,-0.28099467,0.10550530,-0.10571292,-0.12602263,0.00000334,-0.07045352,0.60886181,-0.12800263,0.12786395
1.68000000,0.31917385,-0.66984047,1.12007629,0.14314552,-0.45000380,0.08002615,0.23319172,-0.08755669,0.08772898,0.10458360,-0.00000277,0.05846793,-0.29115110,0.10931874,-0.10953387,-0.13057767,0.00000346,-0.07300003,0.60907603,-0.12525322,0.12749636
1.70000000,0.32377880,-0.67156949,1.12180872,0.14521078,-0.45000385,0.08118074,0.22727134,-0.08533376,0.08550168,0.10192838,-0.00000270,0.05698352,-0.30080030,0.11294174,-0.11316399,-0.13490521,0.00000358,-0.07541937,0.60927217,-0.12257271,0.12713833
1.72000000,0.32826345,-0.67325335,1.12349589,0.14722209,-0.45000391,0.08230518,0.22116325,-0.08304035,0.08320376,0.09918898,-0.00000263,0.05545205,-0.30991868,0.11636542,-0.11659441,-0.13899469,0.00000369,-0.07770561,0.60945106,-0.11996331,0.12679012
1.74000000,0.33262415,-0.67489066,1.12513643,0.14917781,-0.45000396,0.08339853,0.21487829,-0.08068053,0.08083929,0.09637025,-0.00000256,0.05387623,-0.31848264,0.11958094,-0.11981626,-0.14283552,0.00000379,-0.07985284,0.60961355,-0.11742713,0.12645199
1.76000000,0.33685748,-0.67648015,1.12672905,0.15107641,-0.45000401,0.08445995,0.20842779,-0.07825855,0.07841256,0.09347729,-0.00000248,0.05225890,-0.32646859,0.12257943,-0.12282065,-0.14641712,0.00000388,-0.08185515,0.60976049,-0.11496610,0.12612416
1.78000000,0.34096024,-0.67802062,1.12827255,0.15291645,-0.45000406,0.08548863,0.20182356,-0.07577886,0.07592798,0.09051537,-0.00000240,0.05060302,-0.33385295,0.12535204,-0.12559871,-0.14972892,0.00000397,-0.08370663,0.60989276,-0.11258205,0.12580683
1.80000000,0.34492948,-0.67951095,1.12976581,0.15469660,-0.45000410,0.08648383,0.19507784,-0.07324604,0.07339018,0.08749000,-0.00000232,0.04891168,-0.34061211,0.12788991,-0.12814158,-0.15276031,0.00000405,-0.08540134,0.61001125,-0.11027661,0.12550021
1.82000000,0.34876249,-0.68095014,1.13120783,0.15641566,-0.45000415,0.08744488,0.18820340,-0.07066488,0.07080394,0.08440689,-0.00000224,0.04718806,-0.34672248,0.13018417,-0.13044036,-0.15550074,0.00000413,-0.08693339,0.61011683,-0.10805130,0.12520446
1.84000000,0.35245684,-0.68233726,1.13259768,0.15807253,-0.45000419,0.08837116,0.18121343,-0.06804035,0.06817425,0.08127198,-0.00000216,0.04543547,-0.35216048,0.13222598,-0.13248619,-0.15793962,0.00000419,-0.08829686,0.61021038,-0.10590747,0.12491973
1.86000000,0.35601035,-0.68367150,1.13393454,0.15966624,-0.45000424,0.08926213,0.17412162,-0.06537759,0.06550624,0.07809139,-0.00000207,0.04365734,-0.35690251,0.13400648,-0.13427018,-0.16006636,0.00000425,-0.08948582,0.61029277,-0.10384629,0.12464616
1.88000000,0.35942112,-0.68495214,1.13521771,0.16119592,-0.45000428,0.09011731,0.16694212,-0.06268190,0.06280524,0.07487148,-0.00000199,0.04185724,-0.36092497,0.13551680,-0.13578347,-0.16187038,0.00000429,-0.09049437,0.61036485,-0.10186878,0.12438386
1.90000000,0.36268755,-0.68617859,1.13644657,0.16266088,-0.45000432,0.09093630,0.15968957,-0.05995877,0.06007676,0.07161880,-0.00000190,0.04003881,-0.36420429,0.13674808,-0.13701718,-0.16334112,0.00000433,-0.09131659,0.61042747,-0.09997580,0.12413291
1.92000000,0.36580832,-0.68735035,1.13762063,0.16406050,-0.45000435,0.09171877,0.15237906,-0.05721389,0.05732648,0.06834012,-0.00000181,0.03820585,-0.36671685,0.13769148,-0.13796243,-0.16446797,0.00000436,-0.09194656,0.61048143,-0.09816801,0.12389339
1.94000000,0.36878243,-0.68846704,1.13873952,0.16539435,-0.45000439,0.09246446,0.14502617,-0.05445309,0.05456025,0.06504244,-0.00000173,0.03636227,-0.36843908,0.13833813,-0.13861035,-0.16524037,0.00000438,-0.09237837,0.61052754,-0.09644591,0.12366534
1.96000000,0.37160919,-0.68952841,1.13980298,0.16666212,-0.45000442,0.09317321,0.13764693,-0.05168240,0.05178411,0.06173294,-0.00000164,0.03451208,-0.36934738,0.13867917,-0.13895206,-0.16564773,0.00000440,-0.09260611,0.61056656,-0.09480980,0.12344878
1.98000000,0.37428824,-0.69053431,1.14081086,0.16786364,-0.45000445,0.09384493,0.13025786,-0.04890802,0.04900427,0.05841904,-0.00000155,0.03265943,-0.36941816,0.13870574,-0.13897869,-0.16567947,0.00000440,-0.09262386,0.61059921,-0.09325981,0.12324371
2.00000000,0.37681955,-0.69148475,1.14176317,0.16899891,-0.45000448,0.09447960,0.12287594,-0.04613633,0.04622712,0.05510834,-0.00000146,0.03080857,-0.36862782,0.13840899,-0.13868136,-0.16532502,0.00000439,-0.09242570,0.61062621,-0.09179586,0.12305011
2.02000000,0.37920344,-0.69237983,1.14266001,0.17006805,-0.45000451,0.09507731,0.11551864,-0.04337388,0.04345923,0.05180868,-0.00000137,0.02896388,-0.36695278,0.13778006,-0.13805119,-0.16457378,0.00000437,-0.09200571,0.61064821,-0.09041767,0.12286792
2.04000000,0.38144058,-0.69321981,1.14350164,0.17107138,-0.45000454,0.09563823,0.10820388,-0.04062740,0.04070735,0.04852810,-0.00000129,0.02712986,-0.36436943,0.13681009,-0.13707931,-0.16341518,0.00000434,-0.09135799,0.61066583,-0.08912479,0.12269706
2.06000000,0.38353200,-0.69400508,1.14428846,0.17200936,-0.45000456,0.09616261,0.10095008,-0.03790381,0.03797840,0.04527486,-0.00000120,0.02531111,-0.36085420,0.13549022,-0.13575685,-0.16183864,0.00000429,-0.09047662,0.61067966,-0.08791653,0.12253745
2.08000000,0.38547911,-0.69473616,1.14502098,0.17288261,-0.45000459,0.09665081,0.09377609,-0.03521018,0.03527947,0.04205741,-0.00000112,0.02351239,-0.35638348,0.13381160,-0.13407492,-0.15983358,0.00000424,-0.08935568,0.61069025,-0.08679200,0.12238894
2.10000000,0.38728371,-0.69541373,1.14569988,0.17369195,-0.45000461,0.09710327,0.08670126,-0.03255379,0.03261786,0.03888444,-0.00000103,0.02173852,-0.35093369,0.13176536,-0.13202465,-0.15738942,0.00000418,-0.08798926,0.61069808,-0.08575009,0.12225138
2.12000000,0.38894796,-0.69603861,1.14632599,0.17443835,-0.45000463,0.09752054,0.07974542,-0.02994208,0.03000100,0.03576484,-0.00000095,0.01999449,-0.34448122,0.12934265,-0.12959718,-0.15449557,0.00000410,-0.08637144,0.61070363,-0.08478949,0.12212459
2.14000000,0.39047445,-0.69661176,1.14690027,0.17512296,-0.45000465,0.09790328,0.07292886,-0.02738266,0.02743654,0.03270769,-0.00000087,0.01828538,-0.33700250,0.12653461,-0.12678361,-0.15114145,0.00000401,-0.08449631,0.61070730,-0.08390862,0.12200835
2.16000000,0.39186618,-0.69713432,1.14742385,0.17574713,-0.45000466,0.09825223,0.06627232,-0.02488332,0.02493229,0.02972232,-0.00000079,0.01661640,-0.32847393,0.12333238,-0.12357508,-0.14731649,0.00000391,-0.08235795,0.61070946,-0.08310572,0.12190242
2.18000000,0.39312655,-0.69760755,1.14789802,0.17631239,-0.45000468,0.09856824,0.05979706,-0.02245205,0.02249623,0.02681824,-0.00000071,0.01499286,-0.31887191,0.11972710,-0.11996270,-0.14301011,0.00000379,-0.07995045,0.61071045,-0.08237876,0.12180653
2.20000000,0.39425941,-0.69803291,1.14832421,0.17682047,-0.45000469,0.09885228,0.05352476,-0.02009699,0.02013653,0.02400519,-0.00000064,0.01342021,-0.30817286,0.11570992,-0.11593762,-0.13821171,0.00000367,-0.07726788,0.61071055,-0.08172548,0.12172037
2.22000000,0.39526904,-0.69841199,1.14870405,0.17727327,-0.45000470,0.09910542,0.04747761,-0.01782646,0.01786154,0.02129312,-0.00000056,0.01190402,-0.29635318,0.11127197,-0.11149094,-0.13291073,0.00000353,-0.07430434,0.61071001,-0.08114337,0.12164361
2.24000000,0.39616017,-0.69874658,1.14903930,0.17767293,-0.45000471,0.09932886,0.04167826,-0.01564897,0.01567977,0.01869218,-0.00000050,0.01044995,-0.28338927,0.10640440,-0.10661379,-0.12709658,0.00000337,-0.07105392,0.61070904,-0.08062966,0.12157588
2.26000000,0.39693798,-0.69903863,1.14933192,0.17802177,-0.45000472,0.09952388,0.03614983,-0.01357321,0.01359992,0.01621275,-0.00000043,0.00906381,-0.26925756,0.10109836,-0.10129730,-0.12075868,0.00000320,-0.06751069,0.61070782,-0.08018135,0.12151678
2.28000000,0.39760813,-0.69929025,1.14958403,0.17832232,-0.45000473,0.09969190,0.03091590,-0.01160802,0.01163086,0.01386540,-0.00000037,0.00775151,-0.25393444,0.09534497,-0.09553260,-0.11388645,0.00000302,-0.06366874,0.61070648,-0.07979514,0.12146587
2.30000000,0.39817674,-0.69950375,1.14979795,0.17857734,-0.45000474,0.09983447,0.02600055,-0.00976245,0.00978166,0.01166092,-0.00000031,0.00651909,-0.23739632,0.08913539,-0.08931080,-0.10646931,0.00000282,-0.05952215,0.61070514,-0.07946747,0.12142268
2.32000000,0.39865044,-0.69968161,1.14997616,0.17878979,-0.45000474,0.09995324,0.02142831,-0.00804570,0.00806154,0.00961033,-0.00000025,0.00537270,-0.21961961,0.08246075,-0.08262303,-0.09849668,0.00000261,-0.05506501,0.61070389,-0.07919453,0.12138671
2.34000000,0.39903633,-0.69982650,1.15012133,0.17896285,-0.45000475,0.10004999,0.01722418,-0.00646718,0.00647990,0.00772483,-0.00000020,0.00431860,-0.20058072,0.07531221,-0.07546041,-0.08995797,0.00000239,-0.05029141,0.61070277,-0.07897220,0.12135741
2.36000000,0.39934203,-0.69994128,1.15023634,0.17909996,-0.45000475,0.10012664,0.01341365,-0.00503643,0.00504634,0.00601586,-0.00000016,0.00336319,-0.18025606,0.06768089,-0.06781407,-0.08084261,0.00000214,-0.04519543,0.61070182,-0.07879608,0.12133420
2.38000000,0.39957567,-0.70002900,1.15032424,0.17920474,-0.45000475,0.10018522,0.01002267,-0.00376322,0.00377062,0.00449504,-0.00000012,0.00251297,-0.15862203,0.05955794,-0.05967514,-0.07114002,0.00000189,-0.03977115,0.61070106,-0.07866148,0.12131646
2.40000000,0.39974591,-0.70009292,1.15038828,0.17928109,-0.45000476,0.10022790,0.00707765,-0.00265745,0.00266268,0.00317424,-0.00000008,0.00177457,-0.13565504,0.05093451,-0.05103474,-0.06083961,0.00000161,-0.03401266,0.61070048,-0.07856341,0.12130354
2.42000000,0.39986193,-0.70013649,1.15043193,0.17933313,-0.45000476,0.10025699,0.00460551,-0.00172923,0.00173264,0.00206551,-0.00000005,0.00115473,-0.11133150,0.04180173,-0.04188399,-0.04993080,0.00000132,-0.02791404,0.61070008,-0.07849658,0.12129473
2.44000000,0.39993346,-0.70016335,1.15045884,0.17936521,-0.45000476,0.10027493,0.00263360,-0.00098884,0.00099078,0.00118113,-0.00000003,0.00066032,-0.08562782,0.03215075,-0.03221402,-0.03840302,0.00000102,-0.02146938,0.61069983,-0.07845537,0.12128930
2.46000000,0.39997079,-0.70017736,1.15047289,0.17938195,-0.45000476,0.10028429,0.00118975,-0.00044672,0.00044760,0.00053359,-0.00000001,0.00029831,-0.05852040,0.02197270,-0.02201594,-0.02624568,0.00000070,-0.01467276,0.61069970,-0.07843387,0.12128647
2.48000000,0.39998476,-0.70018261,1.15047814,0.17938822,-0.45000476,0.10028779,0.00030229,-0.00011350,0.00011373,0.00013558,-0.00000000,0.00007579,-0.02998566,0.01125874,-0.01128090,-0.01344820,0.00000036,-0.00751828,0.61069965,-0.07842582,0.12128541
2.50000000,0.39998679,-0.70018337,1.15047890,0.17938912,-0.45000476,0.10028830,0.00000000,-0.00000000,0.00000000,0.00000000,-0.00000000,0.00000000,0.00000000,-0.00000000,0.00000000,0.00000000,-0.00000000,0.00000000,0.61069964,-0.07842466,0.12128526
2.52000000,0.39998679,-0.70018438,1.15047991,0.17938913,-0.45000476,0.10028830,-0.00000003,-0.00015087,0.00015056,0.00000052,-0.00000002,-0.00000018,-0.00000284,-0.01496512,0.01493420,0.00005192,-0.00000216,-0.00001801,0.61069945,-0.07842474,0.12128501
2.54000000,0.39998678,-0.70019135,1.15048687,0.17938915,-0.45000476,0.10028829,-0.00000011,-0.00059378,0.00059255,0.00000206,-0.00000009,-0.00000071,-0.00000554,-0.02920613,0.02914578,0.00010132,-0.00000422,-0.00003516,0.61069813,-0.07842530,0.12128330
2.56000000,0.39998678,-0.70020998,1.15050546,0.17938922,-0.45000476,0.10028827,-0.00000025,-0.00131436,0.00131165,0.00000456,-0.00000019,-0.00000158,-0.00000811,-0.04273479,0.04264648,0.00014826,-0.00000617,-0.00005144,0.61069459,-0.07842679,0.12127873
2.58000000,0.39998677,-0.70024568,1.15054109,0.17938934,-0.45000477,0.10028822,-0.00000044,-0.00229850,0.00229375,0.00000797,-0.00000033,-0.00000277,-0.00001054,-0.05556288,0.05544807,0.00019276,-0.00000803,-0.00006689,0.61068782,-0.07842966,0.12126998
2.60000000,0.39998676,-0.70030358,1.15059887,0.17938954,-0.45000478,0.10028815,-0.00000067,-0.00353229,0.00352499,0.00001225,-0.00000051,-0.00000425,-0.00001284,-0.06770217,0.06756228,0.00023488,-0.00000978,-0.00008150,0.61067683,-0.07843431,0.12125578
2.62000000,0.39998675,-0.70038854,1.15068366,0.17938983,-0.45000479,0.10028805,-0.00000095,-0.00500207,0.00499174,0.00001735,-0.00000072,-0.00000602,-0.00001502,-0.07916444,0.07900087,0.00027464,-0.00001144,-0.00009530,0.61066071,-0.07844114,0.12123496
2.64000000,0.39998672,-0.70050515,1.15080002,0.17939024,-0.45000481,0.10028791,-0.00000127,-0.00669443,0.00668060,0.00002322,-0.00000097,-0.00000806,-0.00001706,-0.08996147,0.08977558,0.00031210,-0.00001300,-0.00010829,0.61063858,-0.07845050,0.12120637
2.66000000,0.39998670,-0.70065772,1.15095228,0.17939077,-0.45000483,0.10028773,-0.00000163,-0.00859617,0.00857841,0.00002982,-0.00000124,-0.00001035,-0.00001899,-0.10010502,0.09989817,0.00034729,-0.00001446,-0.00012050,0.61060962,-0.07846276,0.12116898
2.68000000,0.39998666,-0.70085031,1.15114447,0.17939144,-0.45000486,0.10028750,-0.00000203,-0.01069435,0.01067225,0.00003710,-0.00000155,-0.00001287,-0.00002079,-0.10960687,0.10938039,0.00038026,-0.00001584,-0.00013194,0.61057305,-0.07847824,0.12112178
2.70000000,0.39998661,-0.70108672,1.15138039,0.17939226,-0.45000489,0.10028721,-0.00000246,-0.01297625,0.01294944,0.00004502,-0.00000187,-0.00001562,-0.00002247,-0.11847880,0.11823399,0.00041104,-0.00001712,-0.00014262,0.61052816,-0.07849725,0.12106386
2.72000000,0.39998656,-0.70137050,1.15166358,0.17939324,-0.45000493,0.10028687,-0.00000293,-0.01542938,0.01539750,0.00005353,-0.00000223,-0.00001857,-0.00002404,-0.12673258,0.12647071,0.00043967,-0.00001831,-0.00015256,0.61047425,-0.07852007,0.12099435
2.74000000,0.39998650,-0.70170495,1.15199735,0.17939440,-0.45000498,0.10028647,-0.00000342,-0.01804151,0.01800423,0.00006259,-0.00000261,-0.00002172,-0.00002549,-0.13437998,0.13410231,0.00046620,-0.00001942,-0.00016176,0.61041069,-0.07854697,0.12091244
2.76000000,0.39998642,-0.70209314,1.15238473,0.17939575,-0.45000504,0.10028600,-0.00000395,-0.02080062,0.02075764,0.00007216,-0.00000301,-0.00002504,-0.00002683,-0.14143278,0.14114054,0.00049067,-0.00002044,-0.00017025,0.61033689,-0.07857821,0.12081740
2.78000000,0.39998634,-0.70253788,1.15282855,0.17939729,-0.45000510,0.10028546,-0.00000449,-0.02369494,0.02364597,0.00008220,-0.00000342,-0.00002852,-0.00002806,-0.14790275,0.14759714,0.00051312,-0.00002137,-0.00017804,0.61025230,-0.07861402,0.12070856
2.80000000,0.39998624,-0.70304176,1.15333139,0.17939904,-0.45000517,0.10028486,-0.00000507,-0.02671292,0.02665772,0.00009268,-0.00000386,-0.00003216,-0.00002917,-0.15380167,0.15348387,0.00053358,-0.00002222,-0.00018514,0.61015640,-0.07865462,0.12058529
2.82000000,0.39998614,-0.70360714,1.15389561,0.17940100,-0.45000525,0.10028418,-0.00000566,-0.02984327,0.02978161,0.00010354,-0.00000431,-0.00003592,-0.00003019,-0.15914131,0.15881248,0.00055211,-0.00002299,-0.00019157,0.61004874,-0.07870019,0.12044704
2.84000000,0.39998602,-0.70423617,1.15452333,0.17940318,-0.45000535,0.10028342,-0.00000627,-0.03307492,0.03300658,0.00011475,-0.00000478,-0.00003981,-0.00003110,-0.16393345,0.16359471,0.00056873,-0.00002369,-0.00019734,0.60992886,-0.07875094,0.12029330
2.86000000,0.39998588,-0.70493074,1.15521647,0.17940559,-0.45000545,0.10028258,-0.00000690,-0.03639704,0.03632183,0.00012627,-0.00000526,-0.00004381,-0.00003190,-0.16818986,0.16784232,0.00058350,-0.00002430,-0.00020246,0.60979640,-0.07880701,0.12012364
2.88000000,0.39998574,-0.70569258,1.15597673,0.17940824,-0.45000556,0.10028167,-0.00000755,-0.03979903,0.03971679,0.00013807,-0.00000575,-0.00004791,-0.00003261,-0.17192231,0.17156706,0.00059645,-0.00002484,-0.00020696,0.60965098,-0.07886857,0.11993767
2.90000000,0.39998558,-0.70652317,1.15680561,0.17941112,-0.45000568,0.10028067,-0.00000821,-0.04327052,0.04318111,0.00015012,-0.00000625,-0.00005209,-0.00003322,-0.17514258,0.17478068,0.00060762,-0.00002531,-0.00021083,0.60949228,-0.07893575,0.11973505
2.92000000,0.39998541,-0.70742380,1.15770437,0.17941424,-0.45000581,0.10027958,-0.00000888,-0.04680139,0.04670469,0.00016237,-0.00000676,-0.00005634,-0.00003374,-0.17786244,0.17749492,0.00061706,-0.00002570,-0.00021411,0.60932003,-0.07900866,0.11951550
2.94000000,0.39998523,-0.70839555,1.15867412,0.17941761,-0.45000595,0.10027841,-0.00000956,-0.05038176,0.05027765,0.00017479,-0.00000728,-0.00006065,-0.00003416,-0.18009367,0.17972153,0.00062480,-0.00002602,-0.00021679,0.60913398,-0.07908742,0.11927880
2.96000000,0.39998503,-0.70943933,1.15971574,0.17942123,-0.45000610,0.10027716,-0.00001024,-0.05400196,0.05389038,0.00018735,-0.00000780,-0.00006501,-0.00003449,-0.18184803,0.18147228,0.00063088,-0.00002627,-0.00021891,0.60893390,-0.07917212,0.11902478
2.98000000,0.39998482,-0.71055584,1.16082994,0.17942511,-0.45000626,0.10027581,-0.00001094,-0.05765258,0.05753345,0.00020001,-0.00000833,-0.00006940,-0.00003474,-0.18313732,0.18275890,0.00063536,-0.00002646,-0.00022046,0.60871961,-0.07926283,0.11875332
3.00000000,0.39998459,-0.71174558,1.16201722,0.17942924,-0.45000643,0.10027438,-0.00001163,-0.06132443,0.06119772,0.00021275,-0.00000886,-0.00007382,-0.00003490,-0.18397329,0.18359315,0.00063826,-0.00002658,-0.00022146,0.60849095,-0.07935962,0.11846433
3.02000000,0.39998435,-0.71300889,1.16327793,0.17943362,-0.45000661,0.10027286,-0.00001233,-0.06500857,0.06487424,0.00022553,-0.00000939,-0.00007826,-0.00003497,-0.18436773,0.18398677,0.00063963,-0.00002664,-0.00022194,0.60824781,-0.07946255,0.11815779
3.04000000,0.39998410,-0.71434594,1.16461222,0.17943826,-0.45000681,0.10027125,-0.00001303,-0.06869628,0.06855433,0.00023833,-0.00000993,-0.00008270,-0.00003497,-0.18433241,0.18395152,0.00063950,-0.00002663,-0.00022190,0.60799009,-0.07957164,0.11783373
3.06000000,0.39998383,-0.71575671,1.16602007,0.17944315,-0.45000701,0.10026955,-0.00001373,-0.07237908,0.07222952,0.00025110,-0.00001046,-0.00008713,-0.00003488,-0.18387910,0.18349915,0.00063793,-0.00002657,-0.00022135,0.60771773,-0.07968693,0.11749221
3.08000000,0.39998355,-0.71724102,1.16750131,0.17944830,-0.45000722,0.10026777,-0.00001443,-0.07604873,0.07589159,0.00026384,-0.00001099,-0.00009155,-0.00003472,-0.18301958,0.18264140,0.00063495,-0.00002644,-0.00022032,0.60743070,-0.07980843,0.11713333
3.10000000,0.39998325,-0.71879852,1.16905559,0.17945370,-0.45000745,0.10026589,-0.00001512,-0.07969723,0.07953255,0.00027649,-0.00001152,-0.00009594,-0.00003448,-0.18176561,0.18139003,0.00063060,-0.00002626,-0.00021881,0.60712898,-0.07993615,0.11675726
3.12000000,0.39998294,-0.72042872,1.17068242,0.17945936,-0.45000768,0.10026393,-0.00001580,-0.08331680,0.08314465,0.00028905,-0.00001204,-0.00010030,-0.00003417,-0.18012899,0.17975678,0.00062492,-0.00002603,-0.00021684,0.60681260,-0.08007007,0.11636418
3.14000000,0.39998262,-0.72213095,1.17238114,0.17946527,-0.45000793,0.10026188,-0.00001648,-0.08689992,0.08672035,0.00030148,-0.00001256,-0.00010461,-0.00003379,-0.17812147,0.17775342,0.00061796,-0.00002574,-0.00021442,0.60648162,-0.08021017,0.11595433
3.16000000,0.39998229,-0.72390442,1.17415094,0.17947142,-0.45000819,0.10025974,-0.00001716,-0.09043927,0.09025239,0.00031376,-0.00001307,-0.00010887,-0.00003334,-0.17575484,0.17539167,0.00060975,-0.00002539,-0.00021157,0.60613610,-0.08035643,0.11552799
3.18000000,0.39998194,-0.72574818,1.17599089,0.17947781,-0.45000845,0.10025752,-0.00001782,-0.09392780,0.09373371,0.00032586,-0.00001357,-0.00011307,-0.00003282,-0.17304086,0.17268331,0.00060033,-0.00002500,-0.00020830,0.60577616,-0.08050879,0.11508544
3.20000000,0.39998157,-0.72766115,1.17789991,0.17948445,-0.45000873,0.10025522,-0.00001847,-0.09735867,0.09715749,0.00033777,-0.00001407,-0.00011720,-0.00003225,-0.16999132,0.16964007,0.00058975,-0.00002456,-0.00020463,0.60540191,-0.08066721,0.11462706
3.22000000,0.39998120,-0.72964210,1.17987677,0.17949132,-0.45000902,0.10025284,-0.00001911,-0.10072529,0.10051716,0.00034945,-0.00001455,-0.00012125,-0.00003161,-0.16661799,0.16627370,0.00057805,-0.00002407,-0.00020057,0.60501351,-0.08083161,0.11415320
3.24000000,0.39998081,-0.73168969,1.18192012,0.17949843,-0.45000931,0.10025037,-0.00001973,-0.10402131,0.10380637,0.00036088,-0.00001503,-0.00012522,-0.00003091,-0.16293264,0.16259597,0.00056526,-0.00002354,-0.00019614,0.60461114,-0.08100193,0.11366428
3.26000000,0.39998041,-0.73380244,1.18402851,0.17950576,-0.45000962,0.10024783,-0.00002034,-0.10724059,0.10701900,0.00037205,-0.00001549,-0.00012909,-0.00003015,-0.15894704,0.15861860,0.00055143,-0.00002297,-0.00019134,0.60419499,-0.08117808,0.11316074
3.28000000,0.39998000,-0.73597876,1.18620033,0.17951331,-0.45000993,0.10024521,-0.00002094,-0.11037727,0.11014919,0.00038293,-0.00001595,-0.00013287,-0.00002934,-0.15467297,0.15435337,0.00053661,-0.00002235,-0.00018619,0.60376531,-0.08135996,0.11264305
3.30000000,0.39997957,-0.73821694,1.18843389,0.17952107,-0.45001026,0.10024252,-0.00002152,-0.11342567,0.11319129,0.00039351,-0.00001639,-0.00013654,-0.00002848,-0.15012221,0.14981201,0.00052082,-0.00002169,-0.00018071,0.60332234,-0.08154746,0.11211171
3.32000000,0.39997913,-0.74051516,1.19072736,0.17952905,-0.45001059,0.10023975,-0.00002208,-0.11638039,0.11613991,0.00040376,-0.00001682,-0.00014010,-0.00002756,-0.14530652,0.14500627,0.00050411,-0.00002099,-0.00017492,0.60286634,-0.08174047,0.11156724
3.34000000,0.39997869,-0.74287150,1.19307883,0.17953722,-0.45001093,0.10023691,-0.00002262,-0.11923624,0.11898986,0.00041367,-0.00001723,-0.00014353,-0.00002660,-0.14023769,0.13994791,0.00048653,-0.00002026,-0.00016882,0.60239762,-0.08193887,0.11101018
3.36000000,0.39997823,-0.74528392,1.19548627,0.17954559,-0.45001128,0.10023401,-0.00002314,-0.12198829,0.12173622,0.00042321,-0.00001763,-0.00014685,-0.00002559,-0.13492749,0.13464868,0.00046810,-0.00001950,-0.00016242,0.60191650,-0.08214252,0.11044111
3.38000000,0.39997776,-0.74775031,1.19794756,0.17955415,-0.45001163,0.10023104,-0.00002364,-0.12463181,0.12437428,0.00043238,-0.00001801,-0.00015003,-0.00002454,-0.12938768,0.12912033,0.00044888,-0.00001869,-0.00015575,0.60142330,-0.08235127,0.10986062
3.40000000,0.39997728,-0.75026844,1.20046049,0.17956288,-0.45001200,0.10022801,-0.00002412,-0.12716234,0.12689958,0.00044116,-0.00001837,-0.00015308,-0.00002345,-0.12363005,0.12337459,0.00042891,-0.00001786,-0.00014882,0.60091841,-0.08256498,0.10926931
3.42000000,0.39997680,-0.75283602,1.20302276,0.17957179,-0.45001237,0.10022492,-0.00002458,-0.12957564,0.12930789,0.00044954,-0.00001872,-0.00015598,-0.00002232,-0.11766638,0.11742324,0.00040822,-0.00001700,-0.00014164,0.60040219,-0.08278347,0.10866781
3.44000000,0.39997630,-0.75545066,1.20563200,0.17958086,-0.45001275,0.10022177,-0.00002501,-0.13186770,0.13159522,0.00045749,-0.00001905,-0.00015874,-0.00002115,-0.11150842,0.11127801,0.00038686,-0.00001611,-0.00013423,0.59987506,-0.08300659,0.10805678
3.46000000,0.39997580,-0.75810989,1.20828574,0.17959009,-0.45001313,0.10021857,-0.00002543,-0.13403476,0.13375780,0.00046501,-0.00001937,-0.00016135,-0.00001995,-0.10516797,0.10495065,0.00036486,-0.00001520,-0.00012660,0.59933743,-0.08323415,0.10743685
3.48000000,0.39997528,-0.76081119,1.21098145,0.17959946,-0.45001352,0.10021532,-0.00002581,-0.13607328,0.13579211,0.00047208,-0.00001966,-0.00016380,-0.00001871,-0.09865678,0.09845293,0.00034227,-0.00001425,-0.00011876,0.59878974,-0.08346596,0.10680872
3.50000000,0.39997476,-0.76355195,1.21371654,0.17960897,-0.45001392,0.10021202,-0.00002617,-0.13797997,0.13769486,0.00047869,-0.00001994,-0.00016610,-0.00001745,-0.09198665,0.09179657,0.00031913,-0.00001329,-0.00011073,0.59823246,-0.08370183,0.10617306
3.52000000,0.39997424,-0.76632949,1.21648835,0.17961860,-0.45001432,0.10020867,-0.00002651,-0.13975177,0.13946299,0.00048484,-0.00002019,-0.00016823,-0.00001616,-0.08516933,0.08499335,0.00029548,-0.00001231,-0.00010253,0.59766607,-0.08394156,0.10553056
3.54000000,0.39997370,-0.76914110,1.21929415,0.17962836,-0.45001472,0.10020529,-0.00002682,-0.14138584,0.14109369,0.00049051,-0.00002043,-0.00017020,-0.00001484,-0.07821661,0.07805499,0.00027136,-0.00001130,-0.00009416,0.59709107,-0.08418493,0.10488192
3.56000000,0.39997317,-0.77198399,1.22213116,0.17963822,-0.45001513,0.10020187,-0.00002710,-0.14287961,0.14258437,0.00049569,-0.00002064,-0.00017200,-0.00001349,-0.07114027,0.07099327,0.00024681,-0.00001028,-0.00008564,0.59650796,-0.08443173,0.10422786
3.58000000,0.39997262,-0.77485533,1.22499657,0.17964818,-0.45001555,0.10019841,-0.00002736,-0.14423071,0.14393268,0.00050038,-0.00002084,-0.00017362,-0.00001213,-0.06395206,0.06381992,0.00022187,-0.00000924,-0.00007698,0.59591729,-0.08468173,0.10356908
3.60000000,0.39997207,-0.77775225,1.22788751,0.17965823,-0.45001597,0.10019492,-0.00002759,-0.14543702,0.14513650,0.00050456,-0.00002101,-0.00017507,-0.00001075,-0.05666377,0.05654669,0.00019658,-0.00000819,-0.00006821,0.59531960,-0.08493470,0.10290630
3.62000000,0.39997152,-0.78067183,1.23080106,0.17966836,-0.45001639,0.10019141,-0.00002779,-0.14649667,0.14619396,0.00050824,-0.00002117,-0.00017635,-0.00000935,-0.04928718,0.04918534,0.00017099,-0.00000712,-0.00005933,0.59471544,-0.08519040,0.10224025
3.64000000,0.39997096,-0.78361113,1.23373428,0.17967856,-0.45001681,0.10018787,-0.00002796,-0.14740800,0.14710341,0.00051140,-0.00002130,-0.00017745,-0.00000794,-0.04183406,0.04174761,0.00014513,-0.00000604,-0.00005036,0.59410541,-0.08544859,0.10157164
3.66000000,0.39997040,-0.78656716,1.23668420,0.17968881,-0.45001724,0.10018431,-0.00002811,-0.14816960,0.14786343,0.00051404,-0.00002141,-0.00017836,-0.00000651,-0.03431617,0.03424526,0.00011905,-0.00000496,-0.00004131,0.59349008,-0.08570902,0.10090119
3.68000000,0.39996984,-0.78953691,1.23964781,0.17969912,-0.45001767,0.10018074,-0.00002822,-0.14878029,0.14847286,0.00051616,-0.00002150,-0.00017910,-0.00000507,-0.02674530,0.02669004,0.00009279,-0.00000386,-0.00003220,0.59287006,-0.08597143,0.10022962
3.70000000,0.39996927,-0.79251736,1.24262210,0.17970946,-0.45001810,0.10017715,-0.00002831,-0.14923914,0.14893076,0.00051775,-0.00002156,-0.00017965,-0.00000363,-0.01913322,0.01909369,0.00006638,-0.00000276,-0.00002303,0.59224597,-0.08623556,0.09955764
3.72000000,0.39996870,-0.79550546,1.24560403,0.17971982,-0.45001853,0.10017355,-0.00002837,-0.14954542,0.14923642,0.00051882,-0.00002161,-0.00018002,-0.00000218,-0.01149171,0.01146796,0.00003987,-0.00000166,-0.00001383,0.59161843,-0.08650115,0.09888598
3.74000000,0.39996814,-0.79849815,1.24859054,0.17973021,-0.45001896,0.10016995,-0.00002840,-0.14969869,0.14938936,0.00051935,-0.00002163,-0.00018020,-0.00000073,-0.00383253,0.00382461,0.00001330,-0.00000055,-0.00000461,0.59098808,-0.08676793,0.09821532
3.76000000,0.39996757,-0.80149238,1.25157858,0.17974059,-0.45001940,0.10016635,-0.00002840,-0.14969869,0.14938936,0.00051935,-0.00002163,-0.00018020,0.00000073,0.00383253,-0.00382461,-0.00001330,0.00000055,0.00000461,0.59035556,-0.08703562,0.09754638
3.78000000,0.39996700,-0.80448508,1.25456510,0.17975098,-0.45001983,0.10016274,-0.00002837,-0.14954542,0.14923642,0.00051882,-0.00002161,-0.00018002,0.00000218,0.01149171,-0.01146796,-0.00003987,0.00000166,0.00001383,0.58972153,-0.08730396,0.09687983
3.80000000,0.39996643,-0.80747318,1.25754702,0.17976134,-0.45002026,0.10015915,-0.00002831,-0.14923914,0.14893076,0.00051775,-0.00002156,-0.00017965,0.00000363,0.01913322,-0.01909369,-0.00006638,0.00000276,0.00002303,0.58908665,-0.08757265,0.09621638
3.82000000,0.39996587,-0.81045363,1.26052131,0.17977168,-0.45002069,0.10015556,-0.00002822,-0.14878029,0.14847286,0.00051616,-0.00002150,-0.00017910,0.00000507,0.02674530,-0.02669004,-0.00009279,0.00000386,0.00003220,0.58845158,-0.08784142,0.09555667
3.84000000,0.39996530,-0.81342338,1.26348493,0.17978199,-0.45002112,0.10015198,-0.00002811,-0.14816960,0.14786343,0.00051404,-0.00002141,-0.00017836,0.00000651,0.03431617,-0.03424526,-0.00011905,0.00000496,0.00004131,0.58781699,-0.08810998,0.09490139
3.86000000,0.39996474,-0.81637940,1.26643484,0.17979224,-0.45002155,0.10014842,-0.00002796,-0.14740800,0.14710341,0.00051140,-0.00002130,-0.00017745,0.00000794,0.04183406,-0.04174761,-0.00014513,0.00000604,0.00005036,0.58718356,-0.08837805,0.09425116
3.88000000,0.39996419,-0.81931870,1.26936807,0.17980244,-0.45002197,0.10014489,-0.00002779,-0.14649667,0.14619396,0.00050824,-0.00002117,-0.00017635,0.00000935,0.04928718,-0.04918534,-0.00017099,0.00000712,0.00005933,0.58655197,-0.08864535,0.09360664
3.90000000,0.39996363,-0.82223828,1.27228162,0.17981257,-0.45002239,0.10014137,-0.00002759,-0.14543702,0.14513650,0.00050456,-0.00002101,-0.00017507,0.00001075,0.05666377,-0.05654669,-0.00019658,0.00000819,0.00006821,0.58592289,-0.08891157,0.09296844
3.92000000,0.39996308,-0.82513520,1.27517255,0.17982262,-0.45002281,0.10013788,-0.00002736,-0.14423071,0.14393268,0.00050038,-0.00002084,-0.00017362,0.00001213,0.06395206,-0.06381992,-0.00022187,0.00000924,0.00007698,0.58529701,-0.08917645,0.09233717
3.94000000,0.39996254,-0.82800654,1.27803796,0.17983258,-0.45002323,0.10013443,-0.00002710,-0.14287961,0.14258437,0.00049569,-0.00002064,-0.00017200,0.00001349,0.07114027,-0.07099327,-0.00024681,0.00001028,0.00008564,0.58467499,-0.08943968,0.09171343
3.96000000,0.39996200,-0.83084944,1.28087498,0.17984244,-0.45002364,0.10013101,-0.00002682,-0.14138584,0.14109369,0.00049051,-0.00002043,-0.00017020,0.00001484,0.07821661,-0.07805499,-0.00027136,0.00001130,0.00009416,0.58405752,-0.08970099,0.09109777
3.98000000,0.39996147,-0.83366104,1.28368077,0.17985220,-0.45002405,0.10012762,-0.00002651,-0.13975177,0.13946299,0.00048484,-0.00002019,-0.00016823,0.00001616,0.08516933,-0.08499335,-0.00029548,0.00001231,0.00010253,0.58344527,-0.08996009,0.09049077
4.00000000,0.39996094,-0.83643859,1.28645258,0.17986183,-0.45002445,0.10012428,-0.00002617,-0.13797997,0.13769486,0.00047869,-0.00001994,-0.00016610,0.00001745,0.09198665,-0.09179657,-0.00031913,0.00001329,0.00011073,0.58283889,-0.09021671,0.08989296
4.02000000,0.39996042,-0.83917934,1.28918767,0.17987134,-0.45002484,0.10012098,-0.00002581,-0.13607328,0.13579211,0.00047208,-0.00001966,-0.00016380,0.00001871,0.09865678,-0.09845293,-0.00034227,0.00001425,0.00011876,0.58223905,-0.09047055,0.08930487
4.04000000,0.39995991,-0.84188064,1.29188339,0.17988071,-0.45002523,0.10011773,-0.00002543,-0.13403476,0.13375780,0.00046501,-0.00001937,-0.00016135,0.00001995,0.10516797,-0.10495065,-0.00036486,0.00001520,0.00012660,0.58164640,-0.09072135,0.08872699
4.06000000,0.39995940,-0.84453988,1.29453713,0.17988994,-0.45002562,0.10011453,-0.00002501,-0.13186770,0.13159522,0.00045749,-0.00001905,-0.00015874,0.00002115,0.11150842,-0.11127801,-0.00038686,0.00001611,0.00013423,0.58106158,-0.09096884,0.08815981
4.08000000,0.39995891,-0.84715451,1.29714636,0.17989901,-0.45002599,0.10011138,-0.00002458,-0.12957564,0.12930789,0.00044954,-0.00001872,-0.00015598,0.00002232,0.11766638,-0.11742324,-0.00040822,0.00001700,0.00014164,0.58048521,-0.09121274,0.08760380
4.10000000,0.39995842,-0.84972209,1.29970864,0.17990792,-0.45002637,0.10010829,-0.00002412,-0.12716234,0.12689958,0.00044116,-0.00001837,-0.00015308,0.00002345,0.12363005,-0.12337459,-0.00042891,0.00001786,0.00014882,0.57991793,-0.09145281,0.08705938
4.12000000,0.39995794,-0.85224023,1.30222157,0.17991665,-0.45002673,0.10010526,-0.00002364,-0.12463181,0.12437428,0.00043238,-0.00001801,-0.00015003,0.00002454,0.12938768,-0.12912033,-0.00044888,0.00001869,0.00015575,0.57936032,-0.09168878,0.08652699
4.14000000,0.39995747,-0.85470661,1.30468286,0.17992521,-0.45002709,0.10010229,-0.00002314,-0.12198829,0.12173622,0.00042321,-0.00001763,-0.00014685,0.00002559,0.13492749,-0.13464868,-0.00046810,0.00001950,0.00016242,0.57881297,-0.09192040,0.08600703
4.16000000,0.39995702,-0.85711903,1.30709029,0.17993358,-0.45002743,0.10009938,-0.00002262,-0.11923624,0.11898986,0.00041367,-0.00001723,-0.00014353,0.00002660,0.14023769,-0.13994791,-0.00048653,0.00002026,0.00016882,0.57827646,-0.09214743,0.08549985
4.18000000,0.39995657,-0.85947537,1.30944176,0.17994175,-0.45002778,0.10009655,-0.00002208,-0.11638039,0.11613991,0.00040376,-0.00001682,-0.00014010,0.00002756,0.14530652,-0.14500627,-0.00050411,0.00002099,0.00017492,0.57775134,-0.09236965,0.08500583
4.20000000,0.39995613,-0.86177359,1.31173523,0.17994973,-0.45002811,0.10009378,-0.00002152,-0.11342567,0.11319129,0.00039351,-0.00001639,-0.00013654,0.00002848,0.15012221,-0.14981201,-0.00052082,0.00002169,0.00018071,0.57723815,-0.09258682,0.08452529
4.22000000,0.39995571,-0.86401177,1.31396879,0.17995749,-0.45002843,0.10009109,-0.00002094,-0.11037727,0.11014919,0.00038293,-0.00001595,-0.00013287,0.00002934,0.15467297,-0.15435337,-0.00053661,0.00002235,0.00018619,0.57673738,-0.09279873,0.08405854
4.24000000,0.39995530,-0.86618809,1.31614061,0.17996504,-0.45002875,0.10008847,-0.00002034,-0.10724059,0.10701900,0.00037205,-0.00001549,-0.00012909,0.00003015,0.15894704,-0.15861860,-0.00055143,0.00002297,0.00019134,0.57624954,-0.09300516,0.08360585
4.26000000,0.39995489,-0.86830084,1.31824900,0.17997237,-0.45002905,0.10008592,-0.00001973,-0.10402131,0.10380637,0.00036088,-0.00001503,-0.00012522,0.00003091,0.16293264,-0.16259597,-0.00056526,0.00002354,0.00019614,0.57577508,-0.09320594,0.08316750
4.28000000,0.39995451,-0.87034843,1.32029236,0.17997948,-0.45002935,0.10008346,-0.00001911,-0.10072529,0.10051716,0.00034945,-0.00001455,-0.00012125,0.00003161,0.16661799,-0.16627370,-0.00057805,0.00002407,0.00020057,0.57531444,-0.09340086,0.08274370
4.30000000,0.39995413,-0.87232939,1.32226922,0.17998635,-0.45002963,0.10008107,-0.00001847,-0.09735867,0.09715749,0.00033777,-0.00001407,-0.00011720,0.00003225,0.16999132,-0.16964007,-0.00058975,0.00002456,0.00020463,0.57486804,-0.09358976,0.08233467
4.32000000,0.39995377,-0.87424235,1.32417823,0.17999299,-0.45002991,0.10007877,-0.00001782,-0.09392780,0.09373371,0.00032586,-0.00001357,-0.00011307,0.00003282,0.17304086,-0.17268331,-0.00060033,0.00002500,0.00020830,0.57443625,-0.09377248,0.08194059
4.34000000,0.39995342,-0.87608611,1.32601818,0.17999938,-0.45003018,0.10007655,-0.00001716,-0.09043927,0.09025239,0.00031376,-0.00001307,-0.00010887,0.00003334,0.17575484,-0.17539167,-0.00060975,0.00002539,0.00021157,0.57401942,-0.09394886,0.08156162
4.36000000,0.39995308,-0.87785958,1.32778799,0.18000553,-0.45003043,0.10007442,-0.00001648,-0.08689992,0.08672035,0.00030148,-0.00001256,-0.00010461,0.00003379,0.17812147,-0.17775342,-0.00061796,0.00002574,0.00021442,0.57361788,-0.09411877,0.08119789
4.38000000,0.39995276,-0.87956182,1.32948670,0.18001144,-0.45003068,0.10007237,-0.00001580,-0.08331680,0.08314465,0.00028905,-0.00001204,-0.00010030,0.00003417,0.18012899,-0.17975678,-0.00062492,0.00002603,0.00021684,0.57323192,-0.09428210,0.08084949
4.40000000,0.39995245,-0.88119201,1.33111353,0.18001710,-0.45003091,0.10007040,-0.00001512,-0.07969723,0.07953255,0.00027649,-0.00001152,-0.00009594,0.00003448,0.18176561,-0.18139003,-0.00063060,0.00002626,0.00021881,0.57286177,-0.09443872,0.08051651
4.42000000,0.39995215,-0.88274951,1.33266781,0.18002250,-0.45003114,0.10006853,-0.00001443,-0.07604873,0.07589159,0.00026384,-0.00001099,-0.00009155,0.00003472,0.18301958,-0.18264140,-0.00063495,0.00002644,0.00022032,0.57250767,-0.09458856,0.08019899
4.44000000,0.39995187,-0.88423382,1.33414905,0.18002765,-0.45003135,0.10006674,-0.00001373,-0.07237908,0.07222952,0.00025110,-0.00001046,-0.00008713,0.00003488,0.18387910,-0.18349915,-0.00063793,0.00002657,0.00022135,0.57216979,-0.09473154,0.07989694
4.46000000,0.39995160,-0.88564459,1.33555691,0.18003254,-0.45003156,0.10006504,-0.00001303,-0.06869628,0.06855433,0.00023833,-0.00000993,-0.00008270,0.00003497,0.18433241,-0.18395152,-0.00063950,0.00002663,0.00022190,0.57184826,-0.09486759,0.07961037
4.48000000,0.39995135,-0.88698164,1.33689119,0.18003718,-0.45003175,0.10006344,-0.00001233,-0.06500857,0.06487424,0.00022553,-0.00000939,-0.00007826,0.00003497,0.18436773,-0.18398677,-0.00063963,0.00002664,0.00022194,0.57154319,-0.09499668,0.07933923
4.50000000,0.39995111,-0.88824496,1.33815190,0.18004156,-0.45003193,0.10006191,-0.00001163,-0.06132443,0.06119772,0.00021275,-0.00000886,-0.00007382,0.00003490,0.18397329,-0.18359315,-0.00063826,0.00002658,0.00022146,0.57125464,-0.09511878,0.07908345
4.52000000,0.39995089,-0.88943470,1.33933918,0.18004569,-0.45003210,0.10006048,-0.00001094,-0.05765258,0.05753345,0.00020001,-0.00000833,-0.00006940,0.00003474,0.18313732,-0.18275890,-0.00063536,0.00002646,0.00022046,0.57098262,-0.09523388,0.07884292
4.54000000,0.39995067,-0.89055120,1.34045338,0.18004957,-0.45003227,0.10005914,-0.00001024,-0.05400196,0.05389038,0.00018735,-0.00000780,-0.00006501,0.00003449,0.18184803,-0.18147228,-0.00063088,0.00002627,0.00021891,0.57072711,-0.09534200,0.07861753
4.56000000,0.39995048,-0.89159498,1.34149500,0.18005319,-0.45003242,0.10005788,-0.00000956,-0.05038176,0.05027765,0.00017479,-0.00000728,-0.00006065,0.00003416,0.18009367,-0.17972153,-0.00062480,0.00002602,0.00021679,0.57048804,-0.09544317,0.07840709
4.58000000,0.39995029,-0.89256674,1.34246475,0.18005656,-0.45003256,0.10005671,-0.00000888,-0.04680139,0.04670469,0.00016237,-0.00000676,-0.00005634,0.00003374,0.17786244,-0.17749492,-0.00061706,0.00002570,0.00021411,0.57026527,-0.09553743,0.07821142
4.60000000,0.39995012,-0.89346737,1.34336352,0.18005968,-0.45003269,0.10005563,-0.00000821,-0.04327052,0.04318111,0.00015012,-0.00000625,-0.00005209,0.00003322,0.17514258,-0.17478068,-0.00060762,0.00002531,0.00021083,0.57005866,-0.09562485,0.07803028
4.62000000,0.39994996,-0.89429795,1.34419239,0.18006256,-0.45003281,0.10005463,-0.00000755,-0.03979903,0.03971679,0.00013807,-0.00000575,-0.00004791,0.00003261,0.17192231,-0.17156706,-0.00059645,0.00002484,0.00020696,0.56986798,-0.09570554,0.07786341
4.64000000,0.39994982,-0.89505979,1.34495265,0.18006521,-0.45003292,0.10005371,-0.00000690,-0.03639704,0.03632183,0.00012627,-0.00000526,-0.00004381,0.00003190,0.16818986,-0.16784232,-0.00058350,0.00002430,0.00020246,0.56969298,-0.09577959,0.07771050
4.66000000,0.39994969,-0.89575437,1.34564579,0.18006762,-0.45003302,0.10005287,-0.00000627,-0.03307492,0.03300658,0.00011475,-0.00000478,-0.00003981,0.00003110,0.16393345,-0.16359471,-0.00056873,0.00002369,0.00019734,0.56953333,-0.09584714,0.07757122
4.68000000,0.39994957,-0.89638339,1.34627352,0.18006980,-0.45003311,0.10005212,-0.00000566,-0.02984327,0.02978161,0.00010354,-0.00000431,-0.00003592,0.00003019,0.15914131,-0.15881248,-0.00055211,0.00002299,0.00019157,0.56938867,-0.09590835,0.07744519
4.70000000,0.39994946,-0.89694877,1.34683773,0.18007176,-0.45003319,0.10005144,-0.00000507,-0.02671292,0.02665772,0.00009268,-0.00000386,-0.00003216,0.00002917,0.15380167,-0.15348387,-0.00053358,0.00002222,0.00018514,0.56925859,-0.09596340,0.07733199
4.72000000,0.39994937,-0.89745266,1.34734057,0.18007351,-0.45003326,0.10005083,-0.00000449,-0.02369494,0.02364597,0.00008220,-0.00000342,-0.00002852,0.00002806,0.14790275,-0.14759714,-0.00051312,0.00002137,0.00017804,0.56914260,-0.09601248,0.07723117
4.74000000,0.39994928,-0.89789740,1.34778439,0.18007505,-0.45003333,0.10005029,-0.00000395,-0.02080062,0.02075764,0.00007216,-0.00000301,-0.00002504,0.00002683,0.14143278,-0.14114054,-0.00049067,0.00002044,0.00017025,0.56904019,-0.09605581,0.07714224
4.76000000,0.39994921,-0.89828558,1.34817178,0.18007640,-0.45003338,0.10004983,-0.00000342,-0.01804151,0.01800423,0.00006259,-0.00000261,-0.00002172,0.00002549,0.13437998,-0.13410231,-0.00046620,0.00001942,0.00016176,0.56895078,-0.09609364,0.07706466
4.78000000,0.39994914,-0.89862004,1.34850554,0.18007756,-0.45003343,0.10004942,-0.00000293,-0.01542938,0.01539750,0.00005353,-0.00000223,-0.00001857,0.00002404,0.12673258,-0.12647071,-0.00043967,0.00001831,0.00015256,0.56887371,-0.09612625,0.07699785
4.80000000,0.39994909,-0.89890382,1.34878874,0.18007854,-0.45003347,0.10004908,-0.00000246,-0.01297625,0.01294944,0.00004502,-0.00000187,-0.00001562,0.00002247,0.11847880,-0.11823399,-0.00041104,0.00001712,0.00014262,0.56880831,-0.09615393,0.07694118
4.82000000,0.39994904,-0.89914023,1.34902466,0.18007936,-0.45003351,0.10004880,-0.00000203,-0.01069435,0.01067225,0.00003710,-0.00000155,-0.00001287,0.00002079,0.10960687,-0.10938039,-0.00038026,0.00001584,0.00013194,0.56875381,-0.09617699,0.07689399
4.84000000,0.39994901,-0.89933282,1.34921685,0.18008003,-0.45003353,0.10004857,-0.00000163,-0.00859617,0.00857841,0.00002982,-0.00000124,-0.00001035,0.00001899,0.10010502,-0.09989817,-0.00034729,0.00001446,0.00012050,0.56870941,-0.09619577,0.07685555
4.86000000,0.39994898,-0.89948538,1.34936910,0.18008056,-0.45003356,0.10004838,-0.00000127,-0.00669443,0.00668060,0.00002322,-0.00000097,-0.00000806,0.00001706,0.08996147,-0.08977558,-0.00031210,0.00001300,0.00010829,0.56867423,-0.09621066,0.07682511
4.88000000,0.39994896,-0.89960199,1.34948546,0.18008097,-0.45003357,0.10004824,-0.00000095,-0.00500207,0.00499174,0.00001735,-0.00000072,-0.00000602,0.00001502,0.07916444,-0.07900087,-0.00027464,0.00001144,0.00009530,0.56864734,-0.09622204,0.07680185
4.90000000,0.39994894,-0.89968695,1.34957025,0.18008126,-0.45003359,0.10004814,-0.00000067,-0.00353229,0.00352499,0.00001225,-0.00000051,-0.00000425,0.00001284,0.06770217,-0.06756228,-0.00023488,0.00000978,0.00008150,0.56862775,-0.09623033,0.07678490
4.92000000,0.39994893,-0.89974485,1.34962803,0.18008146,-0.45003359,0.10004807,-0.00000044,-0.00229850,0.00229375,0.00000797,-0.00000033,-0.00000277,0.00001054,0.05556288,-0.05544807,-0.00019276,0.00000803,0.00006689,0.56861439,-0.09623598,0.07677335
4.94000000,0.39994892,-0.89978055,1.34966366,0.18008158,-0.45003360,0.10004803,-0.00000025,-0.00131436,0.00131165,0.00000456,-0.00000019,-0.00000158,0.00000811,0.04273479,-0.04264648,-0.00014826,0.00000617,0.00005144,0.56860616,-0.09623947,0.07676623
4.96000000,0.39994892,-0.89979919,1.34968225,0.18008165,-0.45003360,0.10004801,-0.00000011,-0.00059378,0.00059255,0.00000206,-0.00000009,-0.00000071,0.00000554,0.02920613,-0.02914578,-0.00010132,0.00000422,0.00003516,0.56860186,-0.09624128,0.07676252
4.98000000,0.39994892,-0.89980616,1.34968921,0.18008167,-0.45003360,0.10004800,-0.00000003,-0.00015087,0.00015056,0.00000052,-0.00000002,-0.00000018,0.00000284,0.01496512,-0.01493420,-0.00005192,0.00000216,0.00001801,0.56860025,-0.09624196,0.07676112
5.00000000,0.39994892,-0.89980717,1.34969022,0.18008168,-0.45003360,0.10004800,-0.00000000,-0.00000000,0.00000000,0.00000000,-0.00000000,-0.00000000,-0.00000000,-0.00000000,0.00000000,0.00000000,-0.00000000,-0.00000000,0.56860002,-0.09624206,0.07676092
5.02000000,0.39994892,-0.89980590,1.34968871,0.18008167,-0.45003360,0.10004800,0.00000007,0.00018857,-0.00022601,-0.00000041,0.00000004,0.00000003,0.00000722,0.01870526,-0.02241863,-0.00004059,0.00000400,0.00000336,0.56860035,-0.09624192,0.07676110
5.04000000,0.39994892,-0.89979719,1.34967826,0.18008166,-0.45003360,0.10004800,0.00000029,0.00074218,-0.00088951,-0.00000161,0.00000016,0.00000013,0.00001409,0.03650543,-0.04375249,-0.00007921,0.00000780,0.00000656,0.56860259,-0.09624097,0.07676234
5.06000000,0.39994893,-0.89977390,1.34965035,0.18008161,-0.45003360,0.10004800,0.00000063,0.00164285,-0.00196899,-0.00000356,0.00000035,0.00000030,0.00002062,0.05341522,-0.06401921,-0.00011590,0.00001142,0.00000960,0.56860860,-0.09623843,0.07676564
5.08000000,0.39994895,-0.89972928,1.34959687,0.18008151,-0.45003359,0.10004801,0.00000111,0.00287295,-0.00344329,-0.00000623,0.00000061,0.00000052,0.00002681,0.06944936,-0.08323644,-0.00015069,0.00001484,0.00001249,0.56862010,-0.09623356,0.07677197
5.10000000,0.39994898,-0.89965691,1.34951013,0.18008135,-0.45003357,0.10004802,0.00000170,0.00441509,-0.00529157,-0.00000958,0.00000094,0.00000079,0.00003266,0.08462255,-0.10142182,-0.00018362,0.00001809,0.00001521,0.56863877,-0.09622565,0.07678224
5.12000000,0.39994902,-0.89955071,1.34938285,0.18008112,-0.45003355,0.10004804,0.00000241,0.00625221,-0.00749340,-0.00001357,0.00000134,0.00000112,0.00003819,0.09894951,-0.11859297,-0.00021470,0.00002115,0.00001779,0.56866615,-0.09621406,0.07679731
5.14000000,0.39994907,-0.89940496,1.34920817,0.18008080,-0.45003352,0.10004807,0.00000323,0.00836753,-0.01002865,-0.00001816,0.00000179,0.00000150,0.00004340,0.11244497,-0.13476755,-0.00024399,0.00002403,0.00002022,0.56870372,-0.09619815,0.07681799
5.16000000,0.39994915,-0.89921426,1.34897961,0.18008039,-0.45003348,0.10004810,0.00000415,0.01074456,-0.01287757,-0.00002331,0.00000230,0.00000193,0.00004830,0.12512363,-0.14996318,-0.00027150,0.00002674,0.00002250,0.56875288,-0.09617733,0.07684507
5.18000000,0.39994924,-0.89897354,1.34869110,0.18007987,-0.45003342,0.10004815,0.00000516,0.01336712,-0.01602077,-0.00002900,0.00000286,0.00000240,0.00005288,0.13700022,-0.16419751,-0.00029727,0.00002928,0.00002463,0.56881492,-0.09615105,0.07687925
5.20000000,0.39994935,-0.89867805,1.34833695,0.18007923,-0.45003336,0.10004820,0.00000626,0.01621932,-0.01943918,-0.00003519,0.00000347,0.00000292,0.00005716,0.14808946,-0.17748818,-0.00032133,0.00003165,0.00002662,0.56889107,-0.09611881,0.07692124
5.22000000,0.39994949,-0.89832334,1.34791183,0.18007846,-0.45003329,0.10004826,0.00000744,0.01928555,-0.02311412,-0.00004185,0.00000412,0.00000347,0.00006114,0.15840605,-0.18985282,-0.00034372,0.00003386,0.00002848,0.56898245,-0.09608011,0.07697166
5.24000000,0.39994965,-0.89790530,1.34741079,0.18007755,-0.45003320,0.10004834,0.00000870,0.02255051,-0.02702724,-0.00004893,0.00000482,0.00000405,0.00006483,0.16796472,-0.20130908,-0.00036446,0.00003590,0.00003020,0.56909011,-0.09603452,0.07703113
5.26000000,0.39994984,-0.89742010,1.34682927,0.18007650,-0.45003309,0.10004843,0.00001004,0.02599919,-0.03116054,-0.00005641,0.00000556,0.00000467,0.00006823,0.17678018,-0.21187458,-0.00038358,0.00003778,0.00003178,0.56921503,-0.09598161,0.07710021
5.28000000,0.39995005,-0.89686421,1.34616302,0.18007529,-0.45003297,0.10004852,0.00001143,0.02961686,-0.03549640,-0.00006426,0.00000633,0.00000532,0.00007136,0.18486715,-0.22156698,-0.00040113,0.00003951,0.00003324,0.56935809,-0.09592103,0.07717942
5.30000000,0.39995030,-0.89623439,1.34540818,0.18007392,-0.45003284,0.10004864,0.00001289,0.03338911,-0.04001752,-0.00007245,0.00000714,0.00000600,0.00007420,0.19224035,-0.23040391,-0.00041713,0.00004109,0.00003456,0.56952011,-0.09585242,0.07726926
5.32000000,0.39995057,-0.89552771,1.34456120,0.18007239,-0.45003269,0.10004877,0.00001440,0.03730181,-0.04470697,-0.00008094,0.00000797,0.00000671,0.00007678,0.19891449,-0.23840300,-0.00043161,0.00004251,0.00003576,0.56970181,-0.09577547,0.07737017
5.34000000,0.39995087,-0.89474148,1.34361889,0.18007069,-0.45003252,0.10004891,0.00001596,0.04134113,-0.04954817,-0.00008970,0.00000884,0.00000743,0.00007909,0.20490430,-0.24558191,-0.00044461,0.00004379,0.00003684,0.56990384,-0.09568991,0.07748259
5.36000000,0.39995121,-0.89387331,1.34257837,0.18006880,-0.45003233,0.10004906,0.00001756,0.04549352,-0.05452490,-0.00009871,0.00000972,0.00000818,0.00008114,0.21022448,-0.25195825,-0.00045615,0.00004493,0.00003780,0.57012679,-0.09559549,0.07760690
5.38000000,0.39995158,-0.89292107,1.34143709,0.18006674,-0.45003213,0.10004923,0.00001920,0.04974574,-0.05962127,-0.00010794,0.00001063,0.00000894,0.00008294,0.21488976,-0.25754968,-0.00046628,0.00004593,0.00003863,0.57037116,-0.09549200,0.07774346
5.40000000,0.39995198,-0.89188290,1.34019282,0.18006448,-0.45003191,0.10004942,0.00002088,0.05408485,-0.06482177,-0.00011736,0.00001156,0.00000972,0.00008450,0.21891485,-0.26237383,-0.00047501,0.00004679,0.00003936,0.57063739,-0.09537926,0.07789260
5.42000000,0.39995241,-0.89075718,1.33884363,0.18006204,-0.45003167,0.10004962,0.00002258,0.05849817,-0.07011123,-0.00012693,0.00001250,0.00001052,0.00008581,0.22231447,-0.26644834,-0.00048239,0.00004752,0.00003997,0.57092582,-0.09525711,0.07805460
5.44000000,0.39995288,-0.88954256,1.33738788,0.18005940,-0.45003141,0.10004984,0.00002431,0.06297335,-0.07547482,-0.00013664,0.00001346,0.00001132,0.00008689,0.22510333,-0.26979085,-0.00048844,0.00004811,0.00004047,0.57123675,-0.09512543,0.07822975
5.46000000,0.39995338,-0.88823792,1.33582424,0.18005657,-0.45003113,0.10005008,0.00002605,0.06749833,-0.08089810,-0.00014646,0.00001443,0.00001214,0.00008773,0.22729616,-0.27241900,-0.00049320,0.00004858,0.00004086,0.57157041,-0.09498412,0.07841828
5.48000000,0.39995392,-0.88684237,1.33415165,0.18005355,-0.45003083,0.10005033,0.00002781,0.07206132,-0.08636694,-0.00015636,0.00001540,0.00001296,0.00008836,0.22890767,-0.27435042,-0.00049669,0.00004892,0.00004115,0.57192694,-0.09483313,0.07862039
5.50000000,0.39995450,-0.88535529,1.33236935,0.18005032,-0.45003051,0.10005059,0.00002959,0.07665086,-0.09186759,-0.00016632,0.00001638,0.00001378,0.00008876,0.22995257,-0.27560276,-0.00049896,0.00004915,0.00004134,0.57230644,-0.09467241,0.07883629
5.52000000,0.39995511,-0.88377624,1.33047683,0.18004689,-0.45003018,0.10005088,0.00003136,0.08125575,-0.09738664,-0.00017631,0.00001737,0.00001461,0.00008895,0.23044559,-0.27619366,-0.00050003,0.00004925,0.00004143,0.57270893,-0.09450195,0.07906612
5.54000000,0.39995575,-0.88210503,1.32847385,0.18004327,-0.45002982,0.10005118,0.00003314,0.08586510,-0.10291104,-0.00018631,0.00001835,0.00001544,0.00008893,0.23040144,-0.27614074,-0.00049993,0.00004924,0.00004142,0.57313438,-0.09432177,0.07931003
5.56000000,0.39995643,-0.88034167,1.32636043,0.18003944,-0.45002944,0.10005150,0.00003492,0.09046832,-0.10842809,-0.00019630,0.00001934,0.00001626,0.00008871,0.22983484,-0.27546165,-0.00049870,0.00004912,0.00004132,0.57358268,-0.09413191,0.07956811
5.58000000,0.39995715,-0.87848640,1.32413686,0.18003541,-0.45002905,0.10005183,0.00003669,0.09505511,-0.11392545,-0.00020625,0.00002032,0.00001709,0.00008830,0.22876050,-0.27417404,-0.00049637,0.00004889,0.00004113,0.57405369,-0.09393244,0.07984045
5.60000000,0.39995790,-0.87653965,1.32180363,0.18003119,-0.45002863,0.10005218,0.00003845,0.09961545,-0.11939112,-0.00021615,0.00002129,0.00001791,0.00008769,0.22719314,-0.27229553,-0.00049297,0.00004856,0.00004085,0.57454718,-0.09372343,0.08012711
5.62000000,0.39995869,-0.87450203,1.31936150,0.18002677,-0.45002819,0.10005255,0.00004020,0.10413965,-0.12481345,-0.00022597,0.00002226,0.00001872,0.00008690,0.22514748,-0.26984377,-0.00048853,0.00004812,0.00004048,0.57506291,-0.09350501,0.08042813
5.64000000,0.39995951,-0.87237436,1.31681145,0.18002215,-0.45002774,0.10005293,0.00004193,0.10861826,-0.13018116,-0.00023568,0.00002322,0.00001953,0.00008594,0.22263824,-0.26683639,-0.00048309,0.00004758,0.00004003,0.57560053,-0.09327731,0.08074351
5.66000000,0.39996036,-0.87015766,1.31415469,0.18001734,-0.45002727,0.10005333,0.00004363,0.11304218,-0.13548332,-0.00024528,0.00002416,0.00002032,0.00008479,0.21968013,-0.26329104,-0.00047667,0.00004695,0.00003950,0.57615969,-0.09304049,0.08107325
5.68000000,0.39996125,-0.86785310,1.31139263,0.18001234,-0.45002677,0.10005374,0.00004532,0.11740257,-0.14070934,-0.00025474,0.00002509,0.00002111,0.00008348,0.21628787,-0.25922534,-0.00046931,0.00004623,0.00003889,0.57673997,-0.09279473,0.08141729
5.70000000,0.39996218,-0.86546204,1.30852689,0.18000715,-0.45002626,0.10005417,0.00004697,0.12169090,-0.14584898,-0.00026405,0.00002601,0.00002188,0.00008201,0.21247618,-0.25465695,-0.00046104,0.00004541,0.00003820,0.57734091,-0.09254021,0.08177559
5.72000000,0.39996313,-0.86298600,1.30555931,0.18000178,-0.45002573,0.10005462,0.00004860,0.12589892,-0.15089238,-0.00027318,0.00002691,0.00002263,0.00008039,0.20825977,-0.24960350,-0.00045189,0.00004451,0.00003744,0.57796198,-0.09227717,0.08214805
5.74000000,0.39996412,-0.86042667,1.30249190,0.17999623,-0.45002519,0.10005508,0.00005019,0.13001869,-0.15583001,-0.00028212,0.00002779,0.00002338,0.00007861,0.20365336,-0.24408263,-0.00044189,0.00004353,0.00003661,0.57860264,-0.09200582,0.08253458
5.76000000,0.39996514,-0.85778589,1.29932688,0.17999050,-0.45002462,0.10005555,0.00005174,0.13404256,-0.16065269,-0.00029085,0.00002865,0.00002410,0.00007668,0.19867166,-0.23811197,-0.00043109,0.00004246,0.00003572,0.57926230,-0.09172642,0.08293503
5.78000000,0.39996619,-0.85506566,1.29606662,0.17998460,-0.45002404,0.10005604,0.00005325,0.13796315,-0.16535160,-0.00029936,0.00002949,0.00002480,0.00007462,0.19332941,-0.23170916,-0.00041949,0.00004132,0.00003476,0.57994032,-0.09143925,0.08334925
5.80000000,0.39996727,-0.85226810,1.29271370,0.17997853,-0.45002344,0.10005654,0.00005472,0.14177343,-0.16991829,-0.00030763,0.00003030,0.00002549,0.00007243,0.18764130,-0.22489185,-0.00040715,0.00004010,0.00003374,0.58063604,-0.09114457,0.08377707
5.82000000,0.39996838,-0.84939550,1.28927083,0.17997229,-0.45002283,0.10005706,0.00005615,0.14546660,-0.17434463,-0.00031564,0.00003109,0.00002615,0.00007010,0.18162206,-0.21767768,-0.00039409,0.00003882,0.00003265,0.58134876,-0.09084269,0.08421827
5.84000000,0.39996951,-0.84645026,1.28574090,0.17996590,-0.45002220,0.10005759,0.00005753,0.14903620,-0.17862287,-0.00032338,0.00003185,0.00002679,0.00006766,0.17528641,-0.21008427,-0.00038034,0.00003746,0.00003151,0.58207774,-0.09053392,0.08467265
5.86000000,0.39997068,-0.84343492,1.28212695,0.17995936,-0.45002155,0.10005813,0.00005885,0.15247604,-0.18274559,-0.00033085,0.00003259,0.00002741,0.00006510,0.16864906,-0.20212927,-0.00036594,0.00003605,0.00003032,0.58282222,-0.09021859,0.08513994
5.88000000,0.39997187,-0.84035212,1.27843216,0.17995267,-0.45002090,0.10005869,0.00006013,0.15578025,-0.18670575,-0.00033802,0.00003330,0.00002801,0.00006242,0.16172472,-0.19383032,-0.00035092,0.00003457,0.00002908,0.58358142,-0.08989701,0.08561988
5.90000000,0.39997308,-0.83720465,1.27465985,0.17994584,-0.45002022,0.10005925,0.00006135,0.15894322,-0.19049663,-0.00034488,0.00003397,0.00002858,0.00005965,0.15452813,-0.18520506,-0.00033530,0.00003303,0.00002778,0.58435451,-0.08956955,0.08611216
5.92000000,0.39997432,-0.83399537,1.27081346,0.17993888,-0.45001954,0.10005983,0.00006251,0.16195966,-0.19411189,-0.00035143,0.00003462,0.00002912,0.00005677,0.14707399,-0.17627112,-0.00031913,0.00003143,0.00002644,0.58514066,-0.08923655,0.08661649
5.94000000,0.39997558,-0.83072727,1.26689658,0.17993179,-0.45001884,0.10006042,0.00006362,0.16482456,-0.19754553,-0.00035764,0.00003523,0.00002963,0.00005380,0.13937701,-0.16704614,-0.00030243,0.00002979,0.00002506,0.58593901,-0.08889838,0.08713250
5.96000000,0.39997687,-0.82740343,1.26291289,0.17992457,-0.45001813,0.10006101,0.00006467,0.16753322,-0.20079191,-0.00036352,0.00003581,0.00003012,0.00005074,0.13145193,-0.15754777,-0.00028523,0.00002810,0.00002363,0.58674868,-0.08855540,0.08765984
5.98000000,0.39997817,-0.82402701,1.25886619,0.17991725,-0.45001741,0.10006162,0.00006565,0.17008121,-0.20384574,-0.00036905,0.00003635,0.00003058,0.00004760,0.12331345,-0.14779364,-0.00026757,0.00002636,0.00002217,0.58756878,-0.08820801,0.08819812
6.00000000,0.39997949,-0.82060128,1.25476038,0.17990981,-0.45001667,0.10006224,0.00006657,0.17246443,-0.20670207,-0.00037422,0.00003686,0.00003101,0.00004438,0.11497629,-0.13780138,-0.00024948,0.00002457,0.00002067,0.58839841,-0.08785658,0.08874694
6.02000000,0.39998083,-0.81712956,1.25059945,0.17990228,-0.45001593,0.10006286,0.00006742,0.17467904,-0.20935633,-0.00037903,0.00003733,0.00003140,0.00004109,0.10645516,-0.12758865,-0.00023099,0.00002275,0.00001914,0.58923664,-0.08750149,0.08930586
6.04000000,0.39998219,-0.81361527,1.24638750,0.17989465,-0.45001518,0.10006349,0.00006821,0.17672151,-0.21180427,-0.00038346,0.00003777,0.00003177,0.00003774,0.09776480,-0.11717307,-0.00021213,0.00002090,0.00001758,0.59008254,-0.08714316,0.08987442
6.06000000,0.39998356,-0.81006187,1.24212868,0.17988694,-0.45001442,0.10006413,0.00006893,0.17858860,-0.21404201,-0.00038751,0.00003817,0.00003211,0.00003432,0.08891990,-0.10657228,-0.00019294,0.00001900,0.00001599,0.59093518,-0.08678196,0.09045217
6.08000000,0.39998494,-0.80647291,1.23782724,0.17987916,-0.45001365,0.10006478,0.00006958,0.18027737,-0.21606604,-0.00039117,0.00003853,0.00003241,0.00003085,0.07993519,-0.09580393,-0.00017345,0.00001708,0.00001437,0.59179361,-0.08641830,0.09103859
6.10000000,0.39998634,-0.80285198,1.23348749,0.17987130,-0.45001288,0.10006543,0.00007017,0.18178517,-0.21787317,-0.00039444,0.00003885,0.00003268,0.00002734,0.07082539,-0.08488565,-0.00015368,0.00001514,0.00001273,0.59265689,-0.08605259,0.09163318
6.12000000,0.39998775,-0.79920273,1.22911378,0.17986338,-0.45001210,0.10006608,0.00007068,0.18310965,-0.21946058,-0.00039732,0.00003914,0.00003292,0.00002378,0.06160521,-0.07383508,-0.00013367,0.00001317,0.00001108,0.59352406,-0.08568522,0.09223540
6.14000000,0.39998917,-0.79552883,1.22471055,0.17985541,-0.45001132,0.10006674,0.00007112,0.18424874,-0.22082581,-0.00039979,0.00003938,0.00003313,0.00002018,0.05228938,-0.06266986,-0.00011346,0.00001118,0.00000940,0.59439418,-0.08531660,0.09284470
6.16000000,0.39999059,-0.79183402,1.22028225,0.17984739,-0.45001053,0.10006741,0.00007149,0.18520069,-0.22196673,-0.00040186,0.00003958,0.00003330,0.00001656,0.04289259,-0.05140763,-0.00009307,0.00000917,0.00000771,0.59526630,-0.08494712,0.09346050
6.18000000,0.39999203,-0.78812206,1.21583338,0.17983934,-0.45000973,0.10006808,0.00007178,0.18596401,-0.22288159,-0.00040351,0.00003975,0.00003343,0.00001290,0.03342959,-0.04006603,-0.00007254,0.00000714,0.00000601,0.59613948,-0.08457720,0.09408221
6.20000000,0.39999347,-0.78439673,1.21136850,0.17983126,-0.45000894,0.10006875,0.00007200,0.18653753,-0.22356896,-0.00040476,0.00003987,0.00003354,0.00000923,0.02391507,-0.02866269,-0.00005189,0.00000511,0.00000430,0.59701277,-0.08420721,0.09470923
6.22000000,0.39999491,-0.78066183,1.20689215,0.17982315,-0.45000814,0.10006942,0.00007215,0.18692036,-0.22402780,-0.00040559,0.00003995,0.00003361,0.00000554,0.01436376,-0.01721525,-0.00003117,0.00000307,0.00000258,0.59788525,-0.08383757,0.09534093
6.24000000,0.39999635,-0.77692119,1.20240892,0.17981503,-0.45000734,0.10007009,0.00007222,0.18711193,-0.22425739,-0.00040600,0.00003999,0.00003364,0.00000185,0.00479037,-0.00574136,-0.00001039,0.00000102,0.00000086,0.59875600,-0.08346865,0.09597667
6.26000000,0.39999780,-0.77317863,1.19792338,0.17980691,-0.45000654,0.10007076,0.00007222,0.18711193,-0.22425739,-0.00040600,0.00003999,0.00003364,-0.00000185,-0.00479037,0.00574136,0.00001039,-0.00000102,-0.00000086,0.59962410,-0.08310085,0.09661580
6.28000000,0.39999924,-0.76943799,1.19344015,0.17979880,-0.45000574,0.10007143,0.00007215,0.18692036,-0.22402780,-0.00040559,0.00003995,0.00003361,-0.00000554,-0.01436376,0.01721525,0.00003117,-0.00000307,-0.00000258,0.60048865,-0.08273454,0.09725766
6.30000000,0.40000068,-0.76570309,1.18896380,0.17979069,-0.45000494,0.10007211,0.00007200,0.18653753,-0.22356896,-0.00040476,0.00003987,0.00003354,-0.00000923,-0.02391507,0.02866269,0.00005189,-0.00000511,-0.00000430,0.60134877,-0.08237011,0.09790156
6.32000000,0.40000212,-0.76197776,1.18449892,0.17978261,-0.45000414,0.10007278,0.00007178,0.18596401,-0.22288159,-0.00040351,0.00003975,0.00003343,-0.00001290,-0.03342959,0.04006603,0.00007254,-0.00000714,-0.00000601,0.60220359,-0.08200792,0.09854682
6.34000000,0.40000355,-0.75826580,1.18005005,0.17977456,-0.45000335,0.10007344,0.00007149,0.18520069,-0.22196673,-0.00040186,0.00003958,0.00003330,-0.00001656,-0.04289259,0.05140763,0.00009307,-0.00000917,-0.00000771,0.60305225,-0.08164833,0.09919273
6.36000000,0.40000498,-0.75457099,1.17562175,0.17976654,-0.45000256,0.10007411,0.00007112,0.18424874,-0.22082581,-0.00039979,0.00003938,0.00003313,-0.00002018,-0.05228938,0.06266986,0.00011346,-0.00001118,-0.00000940,0.60389391,-0.08129171,0.09983860
6.38000000,0.40000640,-0.75089710,1.17121852,0.17975857,-0.45000178,0.10007477,0.00007068,0.18310965,-0.21946058,-0.00039732,0.00003914,0.00003292,-0.00002378,-0.06160521,0.07383508,0.00013367,-0.00001317,-0.00001108,0.60472776,-0.08093838,0.10048370
6.40000000,0.40000780,-0.74724784,1.16684481,0.17975065,-0.45000100,0.10007542,0.00007017,0.18178517,-0.21787317,-0.00039444,0.00003885,0.00003268,-0.00002734,-0.07082539,0.08488565,0.00015368,-0.00001514,-0.00001273,0.60555300,-0.08058871,0.10112732
6.42000000,0.40000920,-0.74362691,1.16250506,0.17974279,-0.45000022,0.10007607,0.00006958,0.18027737,-0.21606604,-0.00039117,0.00003853,0.00003241,-0.00003085,-0.07993519,0.09580393,0.00017345,-0.00001708,-0.00001437,0.60636884,-0.08024300,0.10176873
6.44000000,0.40001059,-0.74003795,1.15820362,0.17973500,-0.44999945,0.10007672,0.00006893,0.17858860,-0.21404201,-0.00038751,0.00003817,0.00003211,-0.00003432,-0.08891990,0.10657228,0.00019294,-0.00001900,-0.00001599,0.60717453,-0.07990160,0.10240721
6.46000000,0.40001196,-0.73648456,1.15394480,0.17972729,-0.44999870,0.10007736,0.00006821,0.17672151,-0.21180427,-0.00038346,0.00003777,0.00003177,-0.00003774,-0.09776480,0.11717307,0.00021213,-0.00002090,-0.00001758,0.60796934,-0.07956479,0.10304204
6.48000000,0.40001332,-0.73297026,1.14973285,0.17971967,-0.44999794,0.10007799,0.00006742,0.17467904,-0.20935633,-0.00037903,0.00003733,0.00003140,-0.00004109,-0.10645516,0.12758865,0.00023099,-0.00002275,-0.00001914,0.60875257,-0.07923290,0.10367248
6.50000000,0.40001466,-0.72949854,1.14557192,0.17971214,-0.44999720,0.10007862,0.00006657,0.17246443,-0.20670207,-0.00037422,0.00003686,0.00003101,-0.00004438,-0.11497629,0.13780138,0.00024948,-0.00002457,-0.00002067,0.60952351,-0.07890620,0.10429781
6.52000000,0.40001598,-0.72607281,1.14146611,0.17970470,-0.44999647,0.10007923,0.00006565,0.17008121,-0.20384574,-0.00036905,0.00003635,0.00003058,-0.00004760,-0.12331345,0.14779364,0.00026757,-0.00002636,-0.00002217,0.61028153,-0.07858497,0.10491732
6.54000000,0.40001728,-0.72269639,1.13741941,0.17969738,-0.44999575,0.10007984,0.00006467,0.16753322,-0.20079191,-0.00036352,0.00003581,0.00003012,-0.00005074,-0.13145193,0.15754777,0.00028523,-0.00002810,-0.00002363,0.61102597,-0.07826949,0.10553029
6.56000000,0.40001856,-0.71937255,1.13343572,0.17969016,-0.44999504,0.10008044,0.00006362,0.16482456,-0.19754553,-0.00035764,0.00003523,0.00002963,-0.00005380,-0.13937701,0.16704614,0.00030243,-0.00002979,-0.00002506,0.61175624,-0.07796001,0.10613600
6.58000000,0.40001983,-0.71610445,1.12951884,0.17968307,-0.44999434,0.10008102,0.00006251,0.16195966,-0.19411189,-0.00035143,0.00003462,0.00002912,-0.00005677,-0.14707399,0.17627112,0.00031913,-0.00003143,-0.00002644,0.61247177,-0.07765678,0.10673378
6.60000000,0.40002106,-0.71289517,1.12567245,0.17967611,-0.44999365,0.10008160,0.00006135,0.15894322,-0.19049663,-0.00034488,0.00003397,0.00002858,-0.00005965,-0.15452813,0.18520506,0.00033530,-0.00003303,-0.00002778,0.61317199,-0.07736003,0.10732292
6.62000000,0.40002228,-0.70974770,1.12190014,0.17966928,-0.44999298,0.10008217,0.00006013,0.15578025,-0.18670575,-0.00033802,0.00003330,0.00002801,-0.00006242,-0.16172472,0.19383032,0.00035092,-0.00003457,-0.00002908,0.61385639,-0.07706998,0.10790275
6.64000000,0.40002347,-0.70666491,1.11820535,0.17966259,-0.44999232,0.10008272,0.00005885,0.15247604,-0.18274559,-0.00033085,0.00003259,0.00002741,-0.00006510,-0.16864906,0.20212927,0.00036594,-0.00003605,-0.00003032,0.61452447,-0.07678684,0.10847262
6.66000000,0.40002463,-0.70364956,1.11459140,0.17965605,-0.44999168,0.10008326,0.00005753,0.14903620,-0.17862287,-0.00032338,0.00003185,0.00002679,-0.00006766,-0.17528641,0.21008427,0.00038034,-0.00003746,-0.00003151,0.61517578,-0.07651080,0.10903188
6.68000000,0.40002577,-0.70070432,1.11106147,0.17964966,-0.44999105,0.10008379,0.00005615,0.14546660,-0.17434463,-0.00031564,0.00003109,0.00002615,-0.00007010,-0.18162206,0.21767768,0.00039409,-0.00003882,-0.00003265,0.61580988,-0.07624206,0.10957991
6.70000000,0.40002688,-0.69783172,1.10761860,0.17964342,-0.44999043,0.10008431,0.00005472,0.14177343,-0.16991829,-0.00030763,0.00003030,0.00002549,-0.00007243,-0.18764130,0.22489185,0.00040715,-0.00004010,-0.00003374,0.61642637,-0.07598077,0.11011610
6.72000000,0.40002796,-0.69503417,1.10426568,0.17963735,-0.44998984,0.10008481,0.00005325,0.13796315,-0.16535160,-0.00029936,0.00002949,0.00002480,-0.00007462,-0.19332941,0.23170916,0.00041949,-0.00004132,-0.00003476,0.61702488,-0.07572711,0.11063988
6.74000000,0.40002901,-0.69231393,1.10100542,0.17963145,-0.44998925,0.10008530,0.00005174,0.13404256,-0.16065269,-0.00029085,0.00002865,0.00002410,-0.00007668,-0.19867166,0.23811197,0.00043109,-0.00004246,-0.00003572,0.61760506,-0.07548120,0.11115067
6.76000000,0.40003003,-0.68967315,1.09784040,0.17962572,-0.44998869,0.10008578,0.00005019,0.13001869,-0.15583001,-0.00028212,0.00002779,0.00002338,-0.00007861,-0.20365336,0.24408263,0.00044189,-0.00004353,-0.00003661,0.61816662,-0.07524319,0.11164796
6.78000000,0.40003102,-0.68711382,1.09477299,0.17962017,-0.44998814,0.10008624,0.00004860,0.12589892,-0.15089238,-0.00027318,0.00002691,0.00002263,-0.00008039,-0.20825977,0.24960350,0.00045189,-0.00004451,-0.00003744,0.61870927,-0.07501319,0.11213122
6.80000000,0.40003197,-0.68463779,1.09180541,0.17961479,-0.44998761,0.10008668,0.00004697,0.12169090,-0.14584898,-0.00026405,0.00002601,0.00002188,-0.00008201,-0.21247618,0.25465695,0.00046104,-0.00004541,-0.00003820,0.61923277,-0.07479130,0.11259999
6.82000000,0.40003289,-0.68224672,1.08893967,0.17960961,-0.44998710,0.10008711,0.00004532,0.11740257,-0.14070934,-0.00025474,0.00002509,0.00002111,-0.00008348,-0.21628787,0.25922534,0.00046931,-0.00004623,-0.00003889,0.61973692,-0.07457761,0.11305382
6.84000000,0.40003378,-0.67994216,1.08617761,0.17960461,-0.44998661,0.10008752,0.00004363,0.11304218,-0.13548332,-0.00024528,0.00002416,0.00002032,-0.00008479,-0.21968013,0.26329104,0.00047667,-0.00004695,-0.00003950,0.62022153,-0.07437220,0.11349229
6.86000000,0.40003464,-0.67772546,1.08352085,0.17959980,-0.44998614,0.10008792,0.00004193,0.10861826,-0.13018116,-0.00023568,0.00002322,0.00001953,-0.00008594,-0.22263824,0.26683639,0.00048309,-0.00004758,-0.00004003,0.62068647,-0.07417513,0.11391503
6.88000000,0.40003546,-0.67559780,1.08097080,0.17959518,-0.44998568,0.10008831,0.00004020,0.10413965,-0.12481345,-0.00022597,0.00002226,0.00001872,-0.00008690,-0.22514748,0.26984377,0.00048853,-0.00004812,-0.00004048,0.62113162,-0.07398644,0.11432169
6.90000000,0.40003625,-0.67356018,1.07852867,0.17959076,-0.44998525,0.10008867,0.00003845,0.09961545,-0.11939112,-0.00021615,0.00002129,0.00001791,-0.00008769,-0.22719314,0.27229553,0.00049297,-0.00004856,-0.00004085,0.62155690,-0.07380617,0.11471197
6.92000000,0.40003700,-0.67161342,1.07619544,0.17958653,-0.44998483,0.10008902,0.00003669,0.09505511,-0.11392545,-0.00020625,0.00002032,0.00001709,-0.00008830,-0.22876050,0.27417404,0.00049637,-0.00004889,-0.00004113,0.62196229,-0.07363433,0.11508560
6.94000000,0.40003771,-0.66975815,1.07397186,0.17958251,-0.44998443,0.10008936,0.00003492,0.09046832,-0.10842809,-0.00019630,0.00001934,0.00001626,-0.00008871,-0.22983484,0.27546165,0.00049870,-0.00004912,-0.00004132,0.62234778,-0.07347093,0.11544235
6.96000000,0.40003840,-0.66799480,1.07185845,0.17957868,-0.44998406,0.10008967,0.00003314,0.08586510,-0.10291104,-0.00018631,0.00001835,0.00001544,-0.00008893,-0.23040144,0.27614074,0.00049993,-0.00004924,-0.00004142,0.62271339,-0.07331595,0.11578204
6.98000000,0.40003904,-0.66632359,1.06985547,0.17957506,-0.44998370,0.10008997,0.00003136,0.08125575,-0.09738664,-0.00017631,0.00001737,0.00001461,-0.00008895,-0.23044559,0.27619366,0.00050003,-0.00004925,-0.00004143,0.62305921,-0.07316936,0.11610454
7.00000000,0.40003965,-0.66474454,1.06796295,0.17957163,-0.44998336,0.10009026,0.00002959,0.07665086,-0.09186759,-0.00016632,0.00001638,0.00001378,-0.00008876,-0.22995257,0.27560276,0.00049896,-0.00004915,-0.00004134,0.62338533,-0.07303112,0.11640975
7.02000000,0.40004022,-0.66325745,1.06618065,0.17956840,-0.44998304,0.10009052,0.00002781,0.07206132,-0.08636694,-0.00015636,0.00001540,0.00001296,-0.00008836,-0.22890767,0.27435042,0.00049669,-0.00004892,-0.00004115,0.62369191,-0.07290116,0.11669762
7.04000000,0.40004076,-0.66186191,1.06450806,0.17956537,-0.44998275,0.10009078,0.00002605,0.06749833,-0.08089810,-0.00014646,0.00001443,0.00001214,-0.00008773,-0.22729616,0.27241900,0.00049320,-0.00004858,-0.00004086,0.62397913,-0.07277941,0.11696815
7.06000000,0.40004127,-0.66055726,1.06294442,0.17956254,-0.44998247,0.10009101,0.00002431,0.06297335,-0.07547482,-0.00013664,0.00001346,0.00001132,-0.00008689,-0.22510333,0.26979085,0.00048844,-0.00004811,-0.00004047,0.62424721,-0.07266577,0.11722140
7.08000000,0.40004173,-0.65934264,1.06148867,0.17955991,-0.44998221,0.10009123,0.00002258,0.05849817,-0.07011123,-0.00012693,0.00001250,0.00001052,-0.00008581,-0.22231447,0.26644834,0.00048239,-0.00004752,-0.00003997,0.62449641,-0.07256012,0.11745747
7.10000000,0.40004217,-0.65821692,1.06013948,0.17955747,-0.44998197,0.10009143,0.00002088,0.05408485,-0.06482177,-0.00011736,0.00001156,0.00000972,-0.00008450,-0.21891485,0.26237383,0.00047501,-0.00004679,-0.00003936,0.62472706,-0.07246235,0.11767651
7.12000000,0.40004257,-0.65717875,1.05889521,0.17955521,-0.44998175,0.10009162,0.00001920,0.04974574,-0.05962127,-0.00010794,0.00001063,0.00000894,-0.00008294,-0.21488976,0.25754968,0.00046628,-0.00004593,-0.00003863,0.62493950,-0.07237230,0.11787873
7.14000000,0.40004294,-0.65622652,1.05775393,0.17955315,-0.44998154,0.10009179,0.00001756,0.04549352,-0.05452490,-0.00009871,0.00000972,0.00000818,-0.00008114,-0.21022448,0.25195825,0.00045615,-0.00004493,-0.00003780,0.62513412,-0.07228979,0.11806439
7.16000000,0.40004327,-0.65535835,1.05671341,0.17955126,-0.44998136,0.10009194,0.00001596,0.04134113,-0.04954817,-0.00008970,0.00000884,0.00000743,-0.00007909,-0.20490430,0.24558191,0.00044461,-0.00004379,-0.00003684,0.62531136,-0.07221465,0.11823381
7.18000000,0.40004358,-0.65457212,1.05577110,0.17954956,-0.44998119,0.10009209,0.00001440,0.03730181,-0.04470697,-0.00008094,0.00000797,0.00000671,-0.00007678,-0.19891449,0.23840300,0.00043161,-0.00004251,-0.00003576,0.62547172,-0.07214668,0.11838737
7.20000000,0.40004385,-0.65386543,1.05492412,0.17954802,-0.44998104,0.10009221,0.00001289,0.03338911,-0.04001752,-0.00007245,0.00000714,0.00000600,-0.00007420,-0.19224035,0.23040391,0.00041713,-0.00004109,-0.00003456,0.62561572,-0.07208563,0.11852549
7.22000000,0.40004409,-0.65323562,1.05416928,0.17954666,-0.44998090,0.10009233,0.00001143,0.02961686,-0.03549640,-0.00006426,0.00000633,0.00000532,-0.00007136,-0.18486715,0.22156698,0.00040113,-0.00003951,-0.00003324,0.62574396,-0.07203127,0.11864866
7.24000000,0.40004431,-0.65267972,1.05350303,0.17954545,-0.44998078,0.10009243,0.00001004,0.02599919,-0.03116054,-0.00005641,0.00000556,0.00000467,-0.00006823,-0.17678018,0.21187458,0.00038358,-0.00003778,-0.00003178,0.62585707,-0.07198332,0.11875744
7.26000000,0.40004449,-0.65219452,1.05292150,0.17954440,-0.44998068,0.10009251,0.00000870,0.02255051,-0.02702724,-0.00004893,0.00000482,0.00000405,-0.00006483,-0.16796472,0.20130908,0.00036446,-0.00003590,-0.00003020,0.62595573,-0.07194149,0.11885243
7.28000000,0.40004466,-0.65177648,1.05242047,0.17954349,-0.44998059,0.10009259,0.00000744,0.01928555,-0.02311412,-0.00004185,0.00000412,0.00000347,-0.00006114,-0.15840605,0.18985282,0.00034372,-0.00003386,-0.00002848,0.62604068,-0.07190548,0.11893432
7.30000000,0.40004479,-0.65142177,1.05199535,0.17954272,-0.44998051,0.10009265,0.00000626,0.01621932,-0.01943918,-0.00003519,0.00000347,0.00000292,-0.00005716,-0.14808946,0.17748818,0.00032133,-0.00003165,-0.00002662,0.62611274,-0.07187493,0.11900382
7.32000000,0.40004491,-0.65112628,1.05164120,0.17954208,-0.44998045,0.10009271,0.00000516,0.01336712,-0.01602077,-0.00002900,0.00000286,0.00000240,-0.00005288,-0.13700022,0.16419751,0.00029727,-0.00002928,-0.00002463,0.62617274,-0.07184950,0.11906173
7.34000000,0.40004500,-0.65088556,1.05135269,0.17954156,-0.44998040,0.10009275,0.00000415,0.01074456,-0.01287757,-0.00002331,0.00000230,0.00000193,-0.00004830,-0.12512363,0.14996318,0.00027150,-0.00002674,-0.00002250,0.62622160,-0.07182878,0.11910893
7.36000000,0.40004507,-0.65069486,1.05112413,0.17954114,-0.44998036,0.10009278,0.00000323,0.00836753,-0.01002865,-0.00001816,0.00000179,0.00000150,-0.00004340,-0.11244497,0.13476755,0.00024399,-0.00002403,-0.00002022,0.62626030,-0.07181238,0.11914632
7.38000000,0.40004513,-0.65054911,1.05094945,0.17954083,-0.44998033,0.10009281,0.00000241,0.00625221,-0.00749340,-0.00001357,0.00000134,0.00000112,-0.00003819,-0.09894951,0.11859297,0.00021470,-0.00002115,-0.00001779,0.62628987,-0.07179984,0.11917491
7.40000000,0.40004517,-0.65044292,1.05082217,0.17954060,-0.44998031,0.10009283,0.00000170,0.00441509,-0.00529157,-0.00000958,0.00000094,0.00000079,-0.00003266,-0.08462255,0.10142182,0.00018362,-0.00001809,-0.00001521,0.62631141,-0.07179071,0.11919574
7.42000000,0.40004520,-0.65037054,1.05073543,0.17954044,-0.44998029,0.10009284,0.00000111,0.00287295,-0.00344329,-0.00000623,0.00000061,0.00000052,-0.00002681,-0.06944936,0.08323644,0.00015069,-0.00001484,-0.00001249,0.62632609,-0.07178448,0.11920994
7.44000000,0.40004522,-0.65032592,1.05068195,0.17954034,-0.44998028,0.10009285,0.00000063,0.00164285,-0.00196899,-0.00000356,0.00000035,0.00000030,-0.00002062,-0.05341522,0.06401921,0.00011590,-0.00001142,-0.00000960,0.62633515,-0.07178065,0.11921869
7.46000000,0.40004522,-0.65030263,1.05065404,0.17954029,-0.44998028,0.10009285,0.00000029,0.00074218,-0.00088951,-0.00000161,0.00000016,0.00000013,-0.00001409,-0.03650543,0.04375249,0.00007921,-0.00000780,-0.00000656,0.62633987,-0.07177864,0.11922326
7.48000000,0.40004523,-0.65029392,1.05064359,0.17954027,-0.44998027,0.10009285,0.00000007,0.00018857,-0.00022601,-0.00000041,0.00000004,0.00000003,-0.00000722,-0.01870526,0.02241863,0.00004059,-0.00000400,-0.00000336,0.62634164,-0.07177790,0.11922497
7.50000000,0.40004523,-0.65029266,1.05064208,0.17954027,-0.44998027,0.10009286,0.00000000,0.00000000,-0.00000000,-0.00000000,0.00000000,0.00000000,0.00000000,0.00000000,-0.00000000,-0.00000000,0.00000000,0.00000000,0.62634189,-0.07177779,0.11922522
7.52000000,0.40004068,-0.65029291,1.05064233,0.17953886,-0.44998002,0.10009159,-0.00068019,-0.00003770,0.00003760,-0.00021155,0.00003778,-0.00018891,-0.06747060,-0.00373912,0.00373013,-0.02098442,0.00374798,-0.01873845,0.62634154,-0.07178066,0.11922509
7.54000000,0.40000924,-0.65029465,1.05064407,0.17952908,-0.44997827,0.10008286,-0.00267706,-0.00014836,0.00014800,-0.00083261,0.00014871,-0.00074349,-0.13167648,-0.00729732,0.00727977,-0.04095347,0.00731461,-0.03657020,0.62633909,-0.07180051,0.11922420
7.56000000,0.39992525,-0.65029931,1.05064871,0.17950296,-0.44997361,0.10005953,-0.00592584,-0.00032840,0.00032761,-0.00184303,0.00032918,-0.00164577,-0.19267075,-0.01067753,0.01065185,-0.05992365,0.01070283,-0.05351000,0.62633256,-0.07185355,0.11922183
7.58000000,0.39976429,-0.65030823,1.05065761,0.17945289,-0.44996467,0.10001483,-0.01036283,-0.00057429,0.00057291,-0.00322300,0.00057565,-0.00287805,-0.25050648,-0.01388270,0.01384931,-0.07791148,0.01391560,-0.06957258,0.62632003,-0.07195519,0.11921729
7.60000000,0.39950323,-0.65032269,1.05067205,0.17937170,-0.44995017,0.09994233,-0.01592540,-0.00088256,0.00088044,-0.00495305,0.00088465,-0.00442292,-0.30523676,-0.01691577,0.01687509,-0.09493346,0.01695586,-0.08477269,0.62629966,-0.07212004,0.11920993
7.62000000,0.39912018,-0.65034392,1.05069322,0.17925257,-0.44992889,0.09983594,-0.02255195,-0.00124980,0.00124679,-0.00701401,0.00125276,-0.00626330,-0.35691467,-0.01977968,0.01973212,-0.11100611,0.01982656,-0.09912508,0.62626971,-0.07236191,0.11919912
7.64000000,0.39859446,-0.65037306,1.05072229,0.17908906,-0.44989968,0.09968994,-0.03018199,-0.00167264,0.00166862,-0.00938708,0.00167661,-0.00838237,-0.40559330,-0.02247738,0.02242333,-0.12614593,0.02253065,-0.11264448,0.62622844,-0.07269384,0.11918429
7.66000000,0.39790661,-0.65041118,1.05076032,0.17887513,-0.44986147,0.09949890,-0.03875604,-0.00214780,0.00214264,-0.01205374,0.00215289,-0.01076363,-0.45132573,-0.02501180,0.02495165,-0.14036944,0.02507108,-0.12534564,0.62617417,-0.07312811,0.11916489
7.68000000,0.39703832,-0.65045930,1.05080832,0.17860507,-0.44981324,0.09925775,-0.04821573,-0.00267204,0.00266562,-0.01499585,0.00267838,-0.01339084,-0.49416505,-0.02738589,0.02732004,-0.15369315,0.02745080,-0.13724330,0.62610524,-0.07367623,0.11914039
7.70000000,0.39597246,-0.65051836,1.05086725,0.17827357,-0.44975403,0.09896173,-0.05850371,-0.00324219,0.00323439,-0.01819558,0.00324987,-0.01624810,-0.53416433,-0.02960260,0.02953141,-0.16613356,0.02967275,-0.14835221,0.62601996,-0.07434900,0.11911033
7.72000000,0.39469302,-0.65058927,1.05093798,0.17787565,-0.44968296,0.09860640,-0.06956372,-0.00385512,0.00384585,-0.02163542,0.00386425,-0.01931977,-0.57137667,-0.03166485,0.03158870,-0.17770718,0.03173989,-0.15868710,0.62591663,-0.07515644,0.11907424
7.74000000,0.39318513,-0.65067283,1.05102134,0.17740667,-0.44959920,0.09818762,-0.08134055,-0.00450777,0.00449693,-0.02529820,0.00451846,-0.02259052,-0.60585516,-0.03357560,0.03349485,-0.18843054,0.03365517,-0.16826273,0.62579350,-0.07610788,0.11903171
7.76000000,0.39143498,-0.65076982,1.05111810,0.17686235,-0.44950198,0.09770155,-0.09378006,-0.00519715,0.00518465,-0.02916708,0.00520947,-0.02604532,-0.63765287,-0.03533778,0.03525280,-0.19832013,0.03542152,-0.17709384,0.62564876,-0.07721193,0.11898235
7.78000000,0.38942986,-0.65088094,1.05122895,0.17623872,-0.44939059,0.09714467,-0.10682915,-0.00592031,0.00590608,-0.03322556,0.00593434,-0.02966941,-0.66682288,-0.03695434,0.03686547,-0.20739247,0.03704191,-0.18519516,0.62548052,-0.07847650,0.11892580
7.80000000,0.38715810,-0.65100684,1.05135455,0.17553217,-0.44926440,0.09651374,-0.12043581,-0.00667437,0.00665832,-0.03745744,0.00669019,-0.03344835,-0.69341829,-0.03842821,0.03833580,-0.21566406,0.03851929,-0.19258144,0.62528678,-0.07990880,0.11886173
7.82000000,0.38460905,-0.65114811,1.05149547,0.17473938,-0.44912280,0.09580580,-0.13454907,-0.00745651,0.00743858,-0.04184689,0.00747418,-0.03736800,-0.71749218,-0.03976235,0.03966673,-0.22315142,0.03985659,-0.19926742,0.62506546,-0.08151537,0.11878985
7.84000000,0.38177309,-0.65130527,1.05165226,0.17385735,-0.44896526,0.09501818,-0.14911904,-0.00826396,0.00824408,-0.04637838,0.00828354,-0.04141448,-0.73909764,-0.04095970,0.04086120,-0.22987106,0.04105677,-0.20526785,0.62481434,-0.08330207,0.11870989
7.86000000,0.37864157,-0.65147882,1.05182539,0.17288340,-0.44879130,0.09414847,-0.16409688,-0.00909401,0.00907214,-0.05103672,0.00911556,-0.04557424,-0.75828774,-0.04202318,0.04192213,-0.23583948,0.04212277,-0.21059748,0.62453105,-0.08527411,0.11862160
7.88000000,0.37520682,-0.65166916,1.05201528,0.17181513,-0.44860050,0.09319454,-0.17943480,-0.00994401,0.00992010,-0.05580706,0.00996758,-0.04983401,-0.77511558,-0.04295576,0.04285246,-0.24107321,0.04305756,-0.21527103,0.62421312,-0.08743602,0.11852477
7.90000000,0.37146209,-0.65187669,1.05222231,0.17065046,-0.44839248,0.09215453,-0.19508610,-0.01081138,0.01078538,-0.06067486,0.01083700,-0.05418081,-0.78963423,-0.04376036,0.04365512,-0.24558874,0.04386407,-0.21930326,0.62385788,-0.08979172,0.11841921
7.92000000,0.36740159,-0.65210172,1.05244679,0.16938758,-0.44816692,0.09102681,-0.21100513,-0.01169359,0.01166547,-0.06562593,0.01172130,-0.05860196,-0.80189678,-0.04443993,0.04433306,-0.24940259,0.04454525,-0.22270891,0.62346256,-0.09234447,0.11830477
7.94000000,0.36302040,-0.65234452,1.05268901,0.16802496,-0.44792355,0.08981004,-0.22714729,-0.01258817,0.01255789,-0.07064640,0.01261800,-0.06308508,-0.81195633,-0.04499742,0.04488921,-0.25253126,0.04510406,-0.22550273,0.62302419,-0.09509692,0.11818130
7.96000000,0.35831450,-0.65260531,1.05294918,0.16656135,-0.44766214,0.08850308,-0.24346905,-0.01349269,0.01346025,-0.07572273,0.01352467,-0.06761809,-0.81986594,-0.04543576,0.04532649,-0.25499128,0.04554343,-0.22769945,0.62253967,-0.09805111,0.11804870
7.98000000,0.35328072,-0.65288428,1.05322747,0.16499577,-0.44738251,0.08710506,-0.25992795,-0.01440482,0.01437018,-0.08084170,0.01443896,-0.07218918,-0.82567871,-0.04575789,0.04564785,-0.25679914,0.04586633,-0.22931381,0.62200575,-0.10120845,0.11790689
8.00000000,0.34791674,-0.65318154,1.05352402,0.16332749,-0.44708454,0.08561533,-0.27648257,-0.01532225,0.01528541,-0.08599045,0.01535857,-0.07678686,-0.82944772,-0.04596676,0.04585622,-0.25797136,0.04607570,-0.23036057,0.62141902,-0.10456977,0.11775580
8.02000000,0.34222105,-0.65349719,1.05383891,0.16155604,-0.44676815,0.08403348,-0.29309258,-0.01624276,0.01620370,-0.09115643,0.01628125,-0.08139992,-0.83122606,-0.04606532,0.04595454,-0.25852445,0.04617449,-0.23085446,0.62077594,-0.10813530,0.11759539
8.04000000,0.33619293,-0.65383126,1.05417217,0.15968120,-0.44643329,0.08235931,-0.30971870,-0.01716415,0.01712287,-0.09632741,0.01720483,-0.08601745,-0.83106680,-0.04605649,0.04594573,-0.25847492,0.04616564,-0.23081024,0.62007284,-0.11190472,0.11742566
8.06000000,0.32983245,-0.65418374,1.05452381,0.15770299,-0.44607996,0.08059282,-0.32632269,-0.01808432,0.01804083,-0.10149152,0.01812718,-0.09062884,-0.82902304,-0.04594323,0.04583274,-0.25783928,0.04605211,-0.23024263,0.61930593,-0.11587709,0.11724660
8.08000000,0.32314042,-0.65455461,1.05489378,0.15562166,-0.44570822,0.07873426,-0.34286741,-0.01900120,0.01895551,-0.10663719,0.01904624,-0.09522376,-0.82514786,-0.04572847,0.04561850,-0.25663404,0.04583684,-0.22916638,0.61847133,-0.12005095,0.11705826
8.10000000,0.31611839,-0.65494376,1.05528200,0.15343770,-0.44531815,0.07678405,-0.35931675,-0.01991280,0.01986492,-0.11175319,0.01995999,-0.09979220,-0.81949435,-0.04541516,0.04530595,-0.25487571,0.04552279,-0.22759624,0.61756504,-0.12442428,0.11686067
8.12000000,0.30876862,-0.65535107,1.05568833,0.15115180,-0.44490987,0.07474282,-0.37563568,-0.02081717,0.02076711,-0.11682864,0.02086651,-0.10432442,-0.81211558,-0.04500624,0.04489801,-0.25258079,0.04511290,-0.22554696,0.61658303,-0.12899451,0.11665391
8.14000000,0.30109406,-0.65577638,1.05611262,0.14876489,-0.44448355,0.07261138,-0.39179023,-0.02171243,0.02166022,-0.12185296,0.02176389,-0.10881098,-0.80306465,-0.04450465,0.04439763,-0.24976581,0.04461012,-0.22303326,0.61552119,-0.13375856,0.11643807
8.16000000,0.29309833,-0.65621950,1.05655467,0.14627809,-0.44403939,0.07039074,-0.40774747,-0.02259676,0.02254242,-0.12681591,0.02265031,-0.11324275,-0.79239463,-0.04391334,0.04380773,-0.24644727,0.04401741,-0.22006990,0.61437539,-0.13871280,0.11621327
8.18000000,0.28478569,-0.65668017,1.05701423,0.14369273,-0.44357762,0.06808209,-0.42347557,-0.02346839,0.02341195,-0.13170760,0.02352401,-0.11761088,-0.78015862,-0.04323524,0.04313126,-0.24264167,0.04333770,-0.21667162,0.61314152,-0.14385314,0.11597962
8.20000000,0.27616104,-0.65715813,1.05749105,0.14101033,-0.44309852,0.06568679,-0.43894373,-0.02432561,0.02426711,-0.13651844,0.02438326,-0.12190681,-0.76640969,-0.04247329,0.04237115,-0.23836554,0.04257395,-0.21285317,0.61181545,-0.14917495,0.11573729
8.22000000,0.26722987,-0.65765309,1.05798481,0.13823259,-0.44260240,0.06320636,-0.45412223,-0.02516678,0.02510626,-0.14123920,0.02522642,-0.12612230,-0.75120094,-0.04163044,0.04153033,-0.23363538,0.04172910,-0.20862928,0.61039311,-0.15467317,0.11548642
8.24000000,0.25799827,-0.65816469,1.05849518,0.13536142,-0.44208959,0.06064249,-0.46898239,-0.02599031,0.02592781,-0.14586094,0.02605190,-0.13024938,-0.73458544,-0.04070964,0.04061174,-0.22846769,0.04080612,-0.20401469,0.60887051,-0.16034225,0.11522721
8.26000000,0.24847288,-0.65869257,1.05902180,0.13239887,-0.44156045,0.05799702,-0.48349662,-0.02679467,0.02673023,-0.15037510,0.02685817,-0.13428038,-0.71661629,-0.03971381,0.03961831,-0.22287900,0.03980793,-0.19902416,0.60724374,-0.16617618,0.11495984
8.28000000,0.23866089,-0.65923634,1.05956425,0.12934719,-0.44101540,0.05527196,-0.49763837,-0.02757838,0.02751206,-0.15477341,0.02764374,-0.13820794,-0.69734656,-0.03864591,0.03855298,-0.21688581,0.03873750,-0.19367243,0.60550903,-0.17216856,0.11468454
8.30000000,0.22857000,-0.65979556,1.06012213,0.12620876,-0.44045485,0.05246944,-0.51138217,-0.02834004,0.02827189,-0.15904794,0.02840721,-0.14202497,-0.67682934,-0.03750888,0.03741868,-0.21050463,0.03759777,-0.18797423,0.60366275,-0.17831255,0.11440153
8.32000000,0.21820842,-0.66036978,1.06069497,0.12298615,-0.43987927,0.04959174,-0.52470358,-0.02907830,0.02900837,-0.16319112,0.02914721,-0.14572470,-0.65511772,-0.03630565,0.03621835,-0.20375197,0.03639169,-0.18194431,0.60170145,-0.18460092,0.11411105
8.34000000,0.20758483,-0.66095853,1.06128230,0.11968204,-0.43928913,0.04664128,-0.53757927,-0.02979185,0.02972020,-0.16719566,0.02986245,-0.14930063,-0.63226477,-0.03503918,0.03495491,-0.19664435,0.03512222,-0.17559741,0.59962190,-0.19102608,0.11381335
8.36000000,0.19670837,-0.66156128,1.06188361,0.11629929,-0.43868494,0.04362059,-0.54998692,-0.03047946,0.03040616,-0.17105463,0.03055169,-0.15274658,-0.60832359,-0.03371239,0.03363132,-0.18919826,0.03379229,-0.16894829,0.59742108,-0.19758008,0.11350871
8.38000000,0.18558861,-0.66217752,1.06249837,0.11284087,-0.43806724,0.04053232,-0.56190531,-0.03113996,0.03106507,-0.17476144,0.03121376,-0.15605664,-0.58334726,-0.03232824,0.03225050,-0.18143023,0.03240486,-0.16201167,0.59509627,-0.20425464,0.11319741
8.40000000,0.17423555,-0.66280669,1.06312603,0.10930989,-0.43743658,0.03737926,-0.57331426,-0.03177223,0.03169582,-0.17830981,0.03184752,-0.15922523,-0.55738887,-0.03088967,0.03081538,-0.17335676,0.03096287,-0.15480230,0.59264501,-0.21104120,0.11287974
8.42000000,0.16265957,-0.66344822,1.06376601,0.10570957,-0.43679353,0.03416429,-0.58419467,-0.03237520,0.03229735,-0.18169378,0.03245193,-0.16224702,-0.53050149,-0.02939961,0.02932891,-0.16499436,0.02946928,-0.14733494,0.59006515,-0.21793089,0.11255599
8.44000000,0.15087141,-0.66410150,1.06441772,0.10204327,-0.43613870,0.03089039,-0.59452848,-0.03294789,0.03286865,-0.18490776,0.03302597,-0.16511700,-0.50273822,-0.02786101,0.02779401,-0.15635954,0.02792704,-0.13962431,0.58735489,-0.22491462,0.11222650
8.46000000,0.13888218,-0.66476593,1.06508054,0.09831443,-0.43547270,0.02756065,-0.60429872,-0.03348934,0.03340880,-0.18794646,0.03356871,-0.16783047,-0.47415213,-0.02627681,0.02621362,-0.14746881,0.02633908,-0.13168516,0.58451280,-0.23198305,0.11189157
8.48000000,0.12670332,-0.66544086,1.06575386,0.09452661,-0.43479617,0.02417825,-0.61348944,-0.03399868,0.03391692,-0.19080492,0.03407925,-0.17038298,-0.44479632,-0.02464995,0.02459067,-0.13833869,0.02470837,-0.12353224,0.58153780,-0.23912668,0.11155153
8.50000000,0.11434657,-0.66612565,1.06643700,0.09068347,-0.43410975,0.02074644,-0.62208579,-0.03447507,0.03439217,-0.19347852,0.03455678,-0.17277043,-0.41472386,-0.02298338,0.02292811,-0.12898568,0.02303785,-0.11518029,0.57842924,-0.24633581,0.11120675
8.52000000,0.10182395,-0.66681964,1.06712932,0.08678874,-0.43341412,0.01726856,-0.63007397,-0.03491777,0.03483380,-0.19596297,0.03500052,-0.17498897,-0.38398785,-0.02128004,0.02122886,-0.11942629,0.02133047,-0.10664404,0.57518687,-0.25360062,0.11085754
8.54000000,0.08914775,-0.66752213,1.06783013,0.08284624,-0.43270996,0.01374803,-0.63744123,-0.03532605,0.03524110,-0.19825431,0.03540977,-0.17703506,-0.35264136,-0.01954286,0.01949586,-0.10967704,0.01958918,-0.09793826,0.57181088,-0.26091120,0.11050429
8.56000000,0.07633051,-0.66823245,1.06853873,0.07885987,-0.43199797,0.01018833,-0.64417591,-0.03569927,0.03561342,-0.20034890,0.03578388,-0.17890546,-0.32073748,-0.01777480,0.01773205,-0.09975443,0.01781692,-0.08907767,0.56830192,-0.26825754,0.11014733
8.58000000,0.06338500,-0.66894987,1.06925443,0.07483362,-0.43127885,0.00659300,-0.65026737,-0.03603685,0.03595019,-0.20224344,0.03612226,-0.18059723,-0.28832930,-0.01597878,0.01594036,-0.08967497,0.01601665,-0.08007702,0.56466106,-0.27562962,0.10978705
8.60000000,0.05032417,-0.66967368,1.06997650,0.07077149,-0.43055332,0.00296565,-0.65570607,-0.03633826,0.03625087,-0.20393496,0.03642438,-0.18210771,-0.25546990,-0.01415776,0.01412372,-0.07945518,0.01419132,-0.07095106,0.56088989,-0.28301739,0.10942382
8.62000000,0.03716117,-0.67040315,1.07070422,0.06667759,-0.42982212,-0.00069008,-0.66048351,-0.03660302,0.03651499,-0.20542082,0.03668976,-0.18343454,-0.22221236,-0.01231468,0.01228507,-0.06911156,0.01234386,-0.06171452,0.55699042,-0.29041084,0.10905800
8.64000000,0.02390929,-0.67113755,1.07143685,0.06255604,-0.42908598,-0.00437050,-0.66459227,-0.03683072,0.03674215,-0.20669871,0.03691800,-0.18457565,-0.18860978,-0.01045247,0.01042734,-0.05866062,0.01047725,-0.05238215,0.55296517,-0.29780001,0.10868999
8.66000000,0.01058198,-0.67187613,1.07217365,0.05841104,-0.42834565,-0.00807186,-0.66802596,-0.03702101,0.03693198,-0.20776664,0.03710875,-0.18552928,-0.15471522,-0.00857409,0.00855347,-0.04811888,0.00859441,-0.04296870,0.54881712,-0.30517504,0.10832015
8.68000000,-0.00280721,-0.67261814,1.07291388,0.05424679,-0.42760188,-0.01179041,-0.67077928,-0.03717359,0.03708420,-0.20862297,0.03726169,-0.18629396,-0.12058179,-0.00668246,0.00666639,-0.03750284,0.00669830,-0.03348890,0.54454975,-0.31252618,0.10794889
8.70000000,-0.01624463,-0.67336282,1.07365677,0.05006754,-0.42685543,-0.01552235,-0.67284799,-0.03728824,0.03719857,-0.20926637,0.03737661,-0.18686850,-0.08626256,-0.00478054,0.00476905,-0.02682902,0.00479187,-0.02395750,0.54016698,-0.31984384,0.10757658
8.72000000,-0.02971655,-0.67410942,1.07440157,0.04587756,-0.42610707,-0.01926388,-0.67422890,-0.03736477,0.03727491,-0.20969585,0.03745332,-0.18725201,-0.05181062,-0.00287127,0.00286436,-0.01611392,0.00287807,-0.01438924,0.53567321,-0.32711861,0.10720361
8.74000000,-0.04320919,-0.67485716,1.07514751,0.04168114,-0.42535755,-0.02301115,-0.67491988,-0.03740306,0.03731311,-0.20991076,0.03749170,-0.18744392,-0.01727905,-0.00095758,0.00095528,-0.00537406,0.00095985,-0.00479887,0.53107330,-0.33434129,0.10683037
8.76000000,-0.05670874,-0.67560528,1.07589384,0.03748256,-0.42460766,-0.02676035,-0.67491988,-0.03740306,0.03731311,-0.20991076,0.03749170,-0.18744392,0.01727905,0.00095758,-0.00095528,0.00537406,-0.00095985,0.00479887,0.52637254,-0.34150294,0.10645725
8.78000000,-0.07020137,-0.67635303,1.07663978,0.03328614,-0.42385814,-0.03050763,-0.67422890,-0.03736477,0.03727491,-0.20969585,0.03745332,-0.18725201,0.05181062,0.00287127,-0.00286436,0.01611392,-0.00287807,0.01438924,0.52157666,-0.34859485,0.10608464
8.80000000,-0.08367329,-0.67709962,1.07738458,0.02909616,-0.42310978,-0.03424916,-0.67284799,-0.03728824,0.03719857,-0.20926637,0.03737661,-0.18686850,0.08626256,0.00478054,-0.00476905,0.02682902,-0.00479187,0.02395750,0.51669180,-0.35560864,0.10571291
8.82000000,-0.09711071,-0.67784430,1.07812747,0.02491691,-0.42236333,-0.03798110,-0.67077928,-0.03717359,0.03708420,-0.20862297,0.03726169,-0.18629396,0.12058179,0.00668246,-0.00666639,0.03750284,-0.00669830,0.03348890,0.51172448,-0.36253623,0.10534246
8.84000000,-0.11049990,-0.67858631,1.07886770,0.02075266,-0.42161957,-0.04169965,-0.66802596,-0.03702101,0.03693198,-0.20776664,0.03710875,-0.18552928,0.15471522,0.00857409,-0.00855347,0.04811888,-0.00859441,0.04296870,0.50668160,-0.36936988,0.10497366
8.86000000,-0.12382721,-0.67932489,1.07960450,0.01660766,-0.42087924,-0.04540101,-0.66459227,-0.03683072,0.03674215,-0.20669871,0.03691800,-0.18457565,0.18860978,0.01045247,-0.01042734,0.05866062,-0.01047725,0.05238215,0.50157042,-0.37610221,0.10460689
8.88000000,-0.13707909,-0.68005929,1.08033713,0.01248611,-0.42014310,-0.04908142,-0.66048351,-0.03660302,0.03651499,-0.20542082,0.03668976,-0.18343454,0.22221236,0.01231468,-0.01228507,0.06911156,-0.01234386,0.06171452,0.49639850,-0.38272622,0.10424252
8.90000000,-0.15024209,-0.68078876,1.08106485,0.00839221,-0.41941189,-0.05273715,-0.65570607,-0.03633826,0.03625087,-0.20393496,0.03642438,-0.18210771,0.25546990,0.01415776,-0.01412372,0.07945518,-0.01419132,0.07095106,0.49117370,-0.38923530,0.10388092
8.92000000,-0.16330292,-0.68151258,1.08178692,0.00433008,-0.41868637,-0.05636451,-0.65026737,-0.03603685,0.03595019,-0.20224344,0.03612226,-0.18059723,0.28832930,0.01597878,-0.01594036,0.08967497,-0.01601665,0.08007702,0.48590417,-0.39562324,0.10352245
8.94000000,-0.17624844,-0.68223000,1.08250262,0.00030383,-0.41796724,-0.05995983,-0.64417591,-0.03569927,0.03561342,-0.20034890,0.03578388,-0.17890546,0.32073748,0.01777480,-0.01773205,0.09975443,-0.01781692,0.08907767,0.48059826,-0.40188426,0.10316747
8.96000000,-0.18906567,-0.68294031,1.08321122,-0.00368254,-0.41725525,-0.06351953,-0.63744123,-0.03532605,0.03524110,-0.19825431,0.03540977,-0.17703506,0.35264136,0.01954286,-0.01949586,0.10967704,-0.01958918,0.09793826,0.47526456,-0.40801299,0.10281633
8.98000000,-0.20174187,-0.68364281,1.08391203,-0.00762504,-0.41655109,-0.06704006,-0.63007397,-0.03491777,0.03483380,-0.19596297,0.03500052,-0.17498897,0.38398785,0.02128004,-0.02122886,0.11942629,-0.02133047,0.10664404,0.46991181,-0.41400453,0.10246938
9.00000000,-0.21426449,-0.68433679,1.08460435,-0.01151977,-0.41585546,-0.07051794,-0.62208579,-0.03447507,0.03439217,-0.19347852,0.03455678,-0.17277043,0.41472386,0.02298338,-0.02292811,0.12898568,-0.02303785,0.11518029,0.46454889,-0.41985437,0.10212694
9.02000000,-0.22662124,-0.68502158,1.08528749,-0.01536292,-0.41516904,-0.07394976,-0.61348944,-0.03399868,0.03391692,-0.19080492,0.03407925,-0.17038298,0.44479632,0.02464995,-0.02459067,0.13833869,-0.02470837,0.12353224,0.45918481,-0.42555847,0.10178935
9.04000000,-0.23880010,-0.68569652,1.08596080,-0.01915073,-0.41449251,-0.07733216,-0.60429872,-0.03348934,0.03340880,-0.18794646,0.03356871,-0.16783047,0.47415213,0.02627681,-0.02621362,0.14746881,-0.02633908,0.13168516,0.45382862,-0.43111324,0.10145692
9.06000000,-0.25078933,-0.68636094,1.08662363,-0.02287957,-0.41382651,-0.08066190,-0.59452848,-0.03294789,0.03286865,-0.18490776,0.03302597,-0.16511700,0.50273822,0.02786101,-0.02779401,0.15635954,-0.02792704,0.13962431,0.44848943,-0.43651550,0.10112996
9.08000000,-0.26257749,-0.68701423,1.08727534,-0.02654588,-0.41317168,-0.08393580,-0.58419467,-0.03237520,0.03229735,-0.18169378,0.03245193,-0.16224702,0.53050149,0.02939961,-0.02932891,0.16499436,-0.02946928,0.14733494,0.44317635,-0.44176251,0.10080879
9.10000000,-0.27415347,-0.68765575,1.08791532,-0.03014619,-0.41252863,-0.08715077,-0.57331426,-0.03177223,0.03169582,-0.17830981,0.03184752,-0.15922523,0.55738887,0.03088967,-0.03081538,0.17335676,-0.03096287,0.15480230,0.43789846,-0.44685198,0.10049368
9.12000000,-0.28550653,-0.68828492,1.08854298,-0.03367717,-0.41189797,-0.09030383,-0.56190531,-0.03113996,0.03106507,-0.17476144,0.03121376,-0.15605664,0.58334726,0.03232824,-0.03225050,0.18143023,-0.03240486,0.16201167,0.43266476,-0.45178202,0.10018491
9.14000000,-0.29662629,-0.68890116,1.08915774,-0.03713559,-0.41128027,-0.09339209,-0.54998692,-0.03047946,0.03040616,-0.17105463,0.03055169,-0.15274658,0.60832359,0.03371239,-0.03363132,0.18919826,-0.03379229,0.16894829,0.42748416,-0.45655115,0.09988276
9.16000000,-0.30750275,-0.68950392,1.08975905,-0.04051834,-0.41067609,-0.09641279,-0.53757927,-0.02979185,0.02972020,-0.16719566,0.02986245,-0.14930063,0.63226477,0.03503918,-0.03495491,0.19664435,-0.03512222,0.17559741,0.42236544,-0.46115828,0.09958747
9.18000000,-0.31812634,-0.69009266,1.09034637,-0.04382245,-0.41008595,-0.09936325,-0.52470358,-0.02907830,0.02900837,-0.16319112,0.02914721,-0.14572470,0.65511772,0.03630565,-0.03621835,0.20375197,-0.03639169,0.18194431,0.41731721,-0.46560273,0.09929930
9.20000000,-0.32848792,-0.69066688,1.09091922,-0.04704506,-0.40951036,-0.10224095,-0.51138217,-0.02834004,0.02827189,-0.15904794,0.02840721,-0.14202497,0.67682934,0.03750888,-0.03741868,0.21050463,-0.03759777,0.18797423,0.41234788,-0.46988415,0.09901848
9.22000000,-0.33857881,-0.69122611,1.09147709,-0.05018349,-0.40894982,-0.10504347,-0.49763837,-0.02757838,0.02751206,-0.15477341,0.02764374,-0.13820794,0.69734656,0.03864591,-0.03855298,0.21688581,-0.03873750,0.19367243,0.40746563,-0.47400258,0.09874523
9.24000000,-0.34839080,-0.69176987,1.09201955,-0.05323517,-0.40840476,-0.10776853,-0.48349662,-0.02679467,0.02673023,-0.15037510,0.02685817,-0.13428038,0.71661629,0.03971381,-0.03961831,0.22287900,-0.03980793,0.19902416,0.40267838,-0.47795837,0.09847975
9.26000000,-0.35791619,-0.69229776,1.09254617,-0.05619772,-0.40787563,-0.11041399,-0.46898239,-0.02599031,0.02592781,-0.14586094,0.02605190,-0.13024938,0.73458544,0.04070964,-0.04061174,0.22846769,-0.04080612,0.20401469,0.39799378,-0.48175221,0.09822222
9.28000000,-0.36714779,-0.69280936,1.09305654,-0.05906889,-0.40736281,-0.11297786,-0.45412223,-0.02516678,0.02510626,-0.14123920,0.02522642,-0.12612230,0.75120094,0.04163044,-0.04153033,0.23363538,-0.04172910,0.20862928,0.39341912,-0.48538506,0.09797284
9.30000000,-0.37607896,-0.69330431,1.09355030,-0.06184663,-0.40686669,-0.11545830,-0.43894373,-0.02432561,0.02426711,-0.13651844,0.02438326,-0.12190681,0.76640969,0.04247329,-0.04237115,0.23836554,-0.04257395,0.21285317,0.38896138,-0.48885820,0.09773176
9.32000000,-0.38470361,-0.69378227,1.09402711,-0.06452903,-0.40638759,-0.11785360,-0.42347557,-0.02346839,0.02341195,-0.13170760,0.02352401,-0.11761088,0.78015862,0.04323524,-0.04313126,0.24264167,-0.04333770,0.21667162,0.38462715,-0.49217314,0.09749913
9.34000000,-0.39301625,-0.69424295,1.09448668,-0.06711439,-0.40592582,-0.12016225,-0.40774747,-0.02259676,0.02254242,-0.12681591,0.02265031,-0.11324275,0.79239463,0.04391334,-0.04380773,0.24644727,-0.04401741,0.22006990,0.38042264,-0.49533165,0.09727508
9.36000000,-0.40101198,-0.69468606,1.09492873,-0.06960119,-0.40548166,-0.12238289,-0.39179023,-0.02171243,0.02166022,-0.12185296,0.02176389,-0.10881098,0.80306465,0.04450465,-0.04439763,0.24976581,-0.04461012,0.22303326,0.37635363,-0.49833573,0.09705973
9.38000000,-0.40868654,-0.69511137,1.09535302,-0.07198810,-0.40505534,-0.12451432,-0.37563568,-0.02081717,0.02076711,-0.11682864,0.02086651,-0.10432442,0.81211558,0.04500624,-0.04489801,0.25258079,-0.04511290,0.22554696,0.37242546,-0.50118758,0.09685316
9.40000000,-0.41603631,-0.69551869,1.09575935,-0.07427400,-0.40464706,-0.12655556,-0.35931675,-0.01991280,0.01986492,-0.11175319,0.01995999,-0.09979220,0.81949435,0.04541516,-0.04530595,0.25487571,-0.04552279,0.22759624,0.36864301,-0.50388960,0.09665547
9.42000000,-0.42305834,-0.69590784,1.09614757,-0.07645796,-0.40425699,-0.12850577,-0.34286741,-0.01900120,0.01895551,-0.10663719,0.01904624,-0.09522376,0.82514786,0.04572847,-0.04561850,0.25663404,-0.04583684,0.22916638,0.36501068,-0.50644437,0.09646671
9.44000000,-0.42975037,-0.69627870,1.09651754,-0.07853929,-0.40388525,-0.13036433,-0.32632269,-0.01808432,0.01804083,-0.10149152,0.01812718,-0.09062884,0.82902304,0.04594323,-0.04583274,0.25783928,-0.04605211,0.23024263,0.36153234,-0.50885461,0.09628694
9.46000000,-0.43611085,-0.69663119,1.09686918,-0.08051750,-0.40353192,-0.13213081,-0.30971870,-0.01716415,0.01712287,-0.09632741,0.01720483,-0.08601745,0.83106680,0.04605649,-0.04594573,0.25847492,-0.04616564,0.23081024,0.35821139,-0.51112320,0.09611617
9.48000000,-0.44213897,-0.69696526,1.09720244,-0.08239234,-0.40319706,-0.13380499,-0.29309258,-0.01624276,0.01620370,-0.09115643,0.01628125,-0.08139992,0.83122606,0.04606532,-0.04595454,0.25852445,-0.04617449,0.23085446,0.35505066,-0.51325316,0.09595441
9.50000000,-0.44783466,-0.69728090,1.09751733,-0.08416379,-0.40288067,-0.13538684,-0.27648257,-0.01532225,0.01528541,-0.08599045,0.01535857,-0.07678686,0.82944772,0.04596676,-0.04585622,0.25797136,-0.04607570,0.23036057,0.35205243,-0.51524763,0.09580166
9.52000000,-0.45319864,-0.69757817,1.09781388,-0.08583207,-0.40258270,-0.13687657,-0.25992795,-0.01440482,0.01437018,-0.08084170,0.01443896,-0.07218918,0.82567871,0.04575789,-0.04564785,0.25679914,-0.04586633,0.22931381,0.34921843,-0.51710986,0.09565787
9.54000000,-0.45823242,-0.69785713,1.09809217,-0.08739765,-0.40230307,-0.13827458,-0.24346905,-0.01349269,0.01346025,-0.07572273,0.01352467,-0.06761809,0.81986594,0.04543576,-0.04532649,0.25499128,-0.04554343,0.22769945,0.34654982,-0.51884322,0.09552300
9.56000000,-0.46293832,-0.69811793,1.09835234,-0.08886126,-0.40204166,-0.13958154,-0.22714729,-0.01258817,0.01255789,-0.07064640,0.01261800,-0.06308508,0.81195633,0.04499742,-0.04488921,0.25253126,-0.04510406,0.22550273,0.34404713,-0.52045117,0.09539697
9.58000000,-0.46731951,-0.69836073,1.09859456,-0.09022388,-0.40179829,-0.14079832,-0.21100513,-0.01169359,0.01166547,-0.06562593,0.01172130,-0.05860196,0.80189678,0.04443993,-0.04433306,0.24940259,-0.04454525,0.22270891,0.34171033,-0.52193727,0.09527969
9.60000000,-0.47138001,-0.69858575,1.09881904,-0.09148676,-0.40157273,-0.14192603,-0.19508610,-0.01081138,0.01078538,-0.06067486,0.01083700,-0.05418081,0.78963423,0.04376036,-0.04365512,0.24558874,-0.04386407,0.21930326,0.33953876,-0.52330518,0.09517103
9.62000000,-0.47512474,-0.69879328,1.09902607,-0.09265143,-0.40136471,-0.14296605,-0.17943480,-0.00994401,0.00992010,-0.05580706,0.00996758,-0.04983401,0.77511558,0.04295576,-0.04285246,0.24107321,-0.04305756,0.21527103,0.33753116,-0.52455868,0.09507086
9.64000000,-0.47855949,-0.69898363,1.09921596,-0.09371970,-0.40117391,-0.14391997,-0.16409688,-0.00909401,0.00907214,-0.05103672,0.00911556,-0.04557424,0.75828774,0.04202318,-0.04192213,0.23583948,-0.04212277,0.21059748,0.33568560,-0.52570161,0.09497901
9.66000000,-0.48169101,-0.69915717,1.09938909,-0.09469365,-0.40099995,-0.14478968,-0.14911904,-0.00826396,0.00824408,-0.04637838,0.00828354,-0.04141448,0.73909764,0.04095970,-0.04086120,0.22987106,-0.04105677,0.20526785,0.33399956,-0.52673795,0.09489530
9.68000000,-0.48452697,-0.69931434,1.09954587,-0.09557568,-0.40084242,-0.14557731,-0.13454907,-0.00745651,0.00743858,-0.04184689,0.00747418,-0.03736800,0.71749218,0.03976235,-0.03966673,0.22315142,-0.03985659,0.19926742,0.33246985,-0.52767180,0.09481950
9.70000000,-0.48707602,-0.69945560,1.09968680,-0.09636847,-0.40070082,-0.14628525,-0.12043581,-0.00667437,0.00665832,-0.03745744,0.00669019,-0.03344835,0.69341829,0.03842821,-0.03833580,0.21566406,-0.03851929,0.19258144,0.33109264,-0.52850736,0.09475140
9.72000000,-0.48934778,-0.69958150,1.09981239,-0.09707502,-0.40057462,-0.14691618,-0.10682915,-0.00592031,0.00590608,-0.03322556,0.00593434,-0.02966941,0.66682288,0.03695434,-0.03686547,0.20739247,-0.03704191,0.18519516,0.32986345,-0.52924899,0.09469071
9.74000000,-0.49135290,-0.69969262,1.09992325,-0.09769865,-0.40046324,-0.14747306,-0.09378006,-0.00519715,0.00518465,-0.02916708,0.00520947,-0.02604532,0.63765287,0.03533778,-0.03525280,0.19832013,-0.03542152,0.17709384,0.32877713,-0.52990118,0.09463716
9.76000000,-0.49310305,-0.69978961,1.10002000,-0.09824297,-0.40036602,-0.14795912,-0.08134055,-0.00450777,0.00449693,-0.02529820,0.00451846,-0.02259052,0.60585516,0.03357560,-0.03349485,0.18843054,-0.03365517,0.16826273,0.32782788,-0.53046861,0.09459043
9.78000000,-0.49461094,-0.69987318,1.10010337,-0.09871195,-0.40028225,-0.14837791,-0.06956372,-0.00385512,0.00384585,-0.02163542,0.00386425,-0.01931977,0.57137667,0.03166485,-0.03158870,0.17770718,-0.03173989,0.15868710,0.32700923,-0.53095613,0.09455017
9.80000000,-0.49589038,-0.69994408,1.10017410,-0.09910987,-0.40021118,-0.14873324,-0.05850371,-0.00324219,0.00323439,-0.01819558,0.00324987,-0.01624810,0.53416433,0.02960260,-0.02953141,0.16613356,-0.02967275,0.14835221,0.32631404,-0.53136879,0.09451601
9.82000000,-0.49695624,-0.70000315,1.10023303,-0.09944137,-0.40015197,-0.14902926,-0.04821573,-0.00267204,0.00266562,-0.01499585,0.00267838,-0.01339084,0.49416505,0.02738589,-0.02732004,0.15369315,-0.02745080,0.13724330,0.32573449,-0.53171187,0.09448756
9.84000000,-0.49782453,-0.70005127,1.10028103,-0.09971143,-0.40010374,-0.14927041,-0.03875604,-0.00214780,0.00214264,-0.01205374,0.00215289,-0.01076363,0.45132573,0.02501180,-0.02495165,0.14036944,-0.02507108,0.12534564,0.32526209,-0.53199088,0.09446439
9.86000000,-0.49851238,-0.70008939,1.10031906,-0.09992536,-0.40006553,-0.14946144,-0.03018199,-0.00167264,0.00166862,-0.00938708,0.00167661,-0.00838237,0.40559330,0.02247738,-0.02242333,0.12614593,-0.02253065,0.11264448,0.32488769,-0.53221161,0.09444603
9.88000000,-0.49903810,-0.70011852,1.10034813,-0.10008887,-0.40003632,-0.14960745,-0.02255195,-0.00124980,0.00124679,-0.00701401,0.00125276,-0.00626330,0.35691467,0.01977968,-0.01973212,0.11100611,-0.01982656,0.09912508,0.32460144,-0.53238014,0.09443200
9.90000000,-0.49942115,-0.70013975,1.10036930,-0.10020800,-0.40001505,-0.14971383,-0.01592540,-0.00088256,0.00088044,-0.00495305,0.00088465,-0.00442292,0.30523676,0.01691577,-0.01687509,0.09493346,-0.01695586,0.08477269,0.32439281,-0.53250283,0.09442178
9.92000000,-0.49968221,-0.70015422,1.10038374,-0.10028919,-0.40000054,-0.14978634,-0.01036283,-0.00057429,0.00057291,-0.00322300,0.00057565,-0.00287805,0.25050648,0.01388270,-0.01384931,0.07791148,-0.01391560,0.06957258,0.32425060,-0.53258640,0.09441482
9.94000000,-0.49984317,-0.70016314,1.10039263,-0.10033926,-0.39999160,-0.14983104,-0.00592584,-0.00032840,0.00032761,-0.00184303,0.00032918,-0.00164577,0.19267075,0.01067753,-0.01065185,0.05992365,-0.01070283,0.05351000,0.32416291,-0.53263791,0.09441052
9.96000000,-0.49992716,-0.70016779,1.10039728,-0.10036538,-0.39998694,-0.14985437,-0.00267706,-0.00014836,0.00014800,-0.00083261,0.00014871,-0.00074349,0.13167648,0.00729732,-0.00727977,0.04095347,-0.00731461,0.03657020,0.32411714,-0.53266479,0.09440828
9.98000000,-0.49995860,-0.70016954,1.10039902,-0.10037516,-0.39998519,-0.14986310,-0.00068019,-0.00003770,0.00003760,-0.00021155,0.00003778,-0.00018891,0.06747060,0.00373912,-0.00373013,0.02098442,-0.00374798,0.01873845,0.32410002,-0.53267484,0.09440744
10.00000000,-0.49996315,-0.70016979,1.10039927,-0.10037657,-0.39998494,-0.14986436,-0.00000000,-0.00000000,0.00000000,-0.00000000,0.00000000,-0.00000000,-0.00000000,-0.00000000,0.00000000,-0.00000000,0.00000000,-0.00000000,0.32409754,-0.53267630,0.09440732
10.02000000,-0.49996315,-0.70017080,1.10040053,-0.10037657,-0.39998494,-0.14986436,-0.00000007,-0.00015086,0.00018834,0.00000041,-0.00000004,-0.00000010,-0.00000716,-0.01496388,0.01868204,0.00004111,-0.00000420,-0.00001017,0.32409733,-0.53267618,0.09440715
10.04000000,-0.49996315,-0.70017777,1.10040923,-0.10037655,-0.39998494,-0.14986437,-0.00000028,-0.00059373,0.00074126,0.00000163,-0.00000017,-0.00000040,-0.00001398,-0.02920370,0.03646012,0.00008023,-0.00000819,-0.00001986,0.32409588,-0.53267540,0.09440595
10.06000000,-0.49996316,-0.70019640,1.10043249,-0.10037650,-0.39998495,-0.14986438,-0.00000063,-0.00131425,0.00164082,0.00000361,-0.00000037,-0.00000089,-0.00002045,-0.04273123,0.05334892,0.00011739,-0.00001198,-0.00002905,0.32409201,-0.53267329,0.09440276
10.08000000,-0.49996318,-0.70023210,1.10047706,-0.10037640,-0.39998496,-0.14986440,-0.00000110,-0.00229831,0.00286938,0.00000631,-0.00000064,-0.00000156,-0.00002659,-0.05555826,0.06936315,0.00015263,-0.00001558,-0.00003778,0.32408461,-0.53266925,0.09439665
10.10000000,-0.49996321,-0.70028999,1.10054934,-0.10037624,-0.39998497,-0.14986444,-0.00000169,-0.00353199,0.00440961,0.00000970,-0.00000099,-0.00000240,-0.00003240,-0.06769654,0.08451751,0.00018598,-0.00001898,-0.00004603,0.32407259,-0.53266271,0.09438673
10.12000000,-0.49996325,-0.70037495,1.10065541,-0.10037601,-0.39998500,-0.14986450,-0.00000239,-0.00500166,0.00624445,0.00001374,-0.00000140,-0.00000340,-0.00003788,-0.07915786,0.09882669,0.00021746,-0.00002220,-0.00005382,0.32405496,-0.53265310,0.09437218
10.14000000,-0.49996330,-0.70049154,1.10080097,-0.10037569,-0.39998503,-0.14986458,-0.00000320,-0.00669387,0.00835714,0.00001839,-0.00000188,-0.00000455,-0.00004305,-0.08995399,0.11230540,0.00024712,-0.00002522,-0.00006116,0.32403076,-0.53263991,0.09435222
10.16000000,-0.49996338,-0.70064410,1.10099143,-0.10037527,-0.39998507,-0.14986468,-0.00000411,-0.00859546,0.01073122,0.00002361,-0.00000241,-0.00000584,-0.00004790,-0.10009669,0.12496832,0.00027498,-0.00002807,-0.00006806,0.32399909,-0.53262265,0.09432610
10.18000000,-0.49996347,-0.70083667,1.10123186,-0.10037474,-0.39998513,-0.14986482,-0.00000512,-0.01069346,0.01335053,0.00002938,-0.00000300,-0.00000727,-0.00005245,-0.10959776,0.13683017,0.00030109,-0.00003073,-0.00007452,0.32395910,-0.53260087,0.09429314
10.20000000,-0.49996358,-0.70107306,1.10152698,-0.10037409,-0.39998519,-0.14986498,-0.00000621,-0.01297517,0.01619919,0.00003565,-0.00000364,-0.00000882,-0.00005669,-0.11846895,0.14790564,0.00032546,-0.00003322,-0.00008055,0.32391001,-0.53257411,0.09425268
10.22000000,-0.49996372,-0.70135682,1.10188125,-0.10037331,-0.39998527,-0.14986517,-0.00000738,-0.01542810,0.01926161,0.00004238,-0.00000433,-0.00001049,-0.00006064,-0.12672204,0.15820943,0.00034813,-0.00003553,-0.00008616,0.32385106,-0.53254199,0.09420414
10.24000000,-0.49996388,-0.70169125,1.10229877,-0.10037239,-0.39998537,-0.14986540,-0.00000863,-0.01804001,0.02252252,0.00004956,-0.00000506,-0.00001227,-0.00006430,-0.13436880,0.16775623,0.00036914,-0.00003768,-0.00009136,0.32378156,-0.53250412,0.09414695
10.26000000,-0.49996406,-0.70207940,1.10278337,-0.10037133,-0.39998547,-0.14986566,-0.00000995,-0.02079889,0.02596691,0.00005714,-0.00000583,-0.00001414,-0.00006768,-0.14142102,0.17656075,0.00038851,-0.00003966,-0.00009616,0.32370086,-0.53246015,0.09408059
10.28000000,-0.49996428,-0.70252410,1.10333857,-0.10037010,-0.39998560,-0.14986596,-0.00001134,-0.02369297,0.02958010,0.00006509,-0.00000664,-0.00001611,-0.00007077,-0.14789045,0.18463768,0.00040628,-0.00004147,-0.00010056,0.32360836,-0.53240975,0.09400461
10.30000000,-0.49996452,-0.70302794,1.10396761,-0.10036872,-0.39998574,-0.14986631,-0.00001278,-0.02671070,0.03334767,0.00007338,-0.00000749,-0.00001816,-0.00007359,-0.15378888,0.19200173,0.00042249,-0.00004312,-0.00010457,0.32350351,-0.53235261,0.09391857
10.32000000,-0.49996479,-0.70359328,1.10467342,-0.10036717,-0.39998590,-0.14986669,-0.00001428,-0.02984079,0.03725551,0.00008198,-0.00000837,-0.00002029,-0.00007615,-0.15912808,0.19866759,0.00043716,-0.00004462,-0.00010820,0.32338579,-0.53228846,0.09382209
10.34000000,-0.49996509,-0.70422225,1.10545867,-0.10036544,-0.39998607,-0.14986712,-0.00001583,-0.03307217,0.04128982,0.00009086,-0.00000927,-0.00002249,-0.00007844,-0.16391982,0.20464996,0.00045032,-0.00004597,-0.00011145,0.32325473,-0.53221705,0.09371483
10.36000000,-0.49996542,-0.70491677,1.10632576,-0.10036353,-0.39998627,-0.14986759,-0.00001742,-0.03639401,0.04543705,0.00009998,-0.00001021,-0.00002475,-0.00008048,-0.16817587,0.20996354,0.00046201,-0.00004716,-0.00011435,0.32310991,-0.53213814,0.09359647
10.38000000,-0.49996579,-0.70567854,1.10727682,-0.10036144,-0.39998648,-0.14986811,-0.00001904,-0.03979572,0.04968400,0.00010933,-0.00001116,-0.00002706,-0.00008227,-0.17190801,0.21462303,0.00047226,-0.00004821,-0.00011689,0.32295093,-0.53205151,0.09346677
10.40000000,-0.49996618,-0.70650906,1.10831370,-0.10035916,-0.39998672,-0.14986867,-0.00002071,-0.04326692,0.05401771,0.00011886,-0.00001213,-0.00002942,-0.00008381,-0.17512801,0.21864312,0.00048111,-0.00004911,-0.00011908,0.32277746,-0.53195698,0.09332550
10.42000000,-0.49996661,-0.70740962,1.10943802,-0.10035668,-0.39998697,-0.14986928,-0.00002239,-0.04679750,0.05842556,0.00012856,-0.00001312,-0.00003182,-0.00008511,-0.17784764,0.22203852,0.00048858,-0.00004987,-0.00012092,0.32258919,-0.53185439,0.09317246
10.44000000,-0.49996708,-0.70838129,1.11065113,-0.10035401,-0.39998724,-0.14986995,-0.00002411,-0.05037757,0.06289519,0.00013840,-0.00001413,-0.00003425,-0.00008618,-0.18007869,0.22482392,0.00049471,-0.00005050,-0.00012244,0.32238583,-0.53174358,0.09300753
10.46000000,-0.49996758,-0.70942498,1.11195416,-0.10035115,-0.39998753,-0.14987065,-0.00002584,-0.05399747,0.06741455,0.00014834,-0.00001514,-0.00003671,-0.00008701,-0.18183291,0.22701403,0.00049953,-0.00005099,-0.00012363,0.32216716,-0.53162442,0.09283058
10.48000000,-0.49996811,-0.71054139,1.11334797,-0.10034808,-0.39998785,-0.14987141,-0.00002759,-0.05764778,0.07197188,0.00015837,-0.00001617,-0.00003920,-0.00008763,-0.18312209,0.22862354,0.00050307,-0.00005135,-0.00012451,0.32193298,-0.53149681,0.09264155
10.50000000,-0.49996868,-0.71173104,1.11483321,-0.10034481,-0.39998818,-0.14987222,-0.00002934,-0.06131933,0.07655571,0.00016846,-0.00001719,-0.00004169,-0.00008803,-0.18395799,0.22966714,0.00050537,-0.00005158,-0.00012508,0.32168312,-0.53136066,0.09244039
10.52000000,-0.49996929,-0.71299425,1.11641030,-0.10034134,-0.39998853,-0.14987308,-0.00003111,-0.06500316,0.08115489,0.00017858,-0.00001823,-0.00004420,-0.00008822,-0.18435240,0.23015955,0.00050645,-0.00005169,-0.00012535,0.32141746,-0.53121589,0.09222710
10.54000000,-0.49996993,-0.71433119,1.11807943,-0.10033767,-0.39998891,-0.14987399,-0.00003287,-0.06869056,0.08575852,0.00018871,-0.00001926,-0.00004671,-0.00008820,-0.18431708,0.23011545,0.00050635,-0.00005168,-0.00012532,0.32113590,-0.53106246,0.09200172
10.56000000,-0.49997060,-0.71574184,1.11984060,-0.10033379,-0.39998930,-0.14987495,-0.00003463,-0.07237306,0.09035603,0.00019882,-0.00002029,-0.00004921,-0.00008799,-0.18386381,0.22954955,0.00050511,-0.00005156,-0.00012502,0.32083837,-0.53090032,0.09176430
10.58000000,-0.49997131,-0.71722602,1.12169357,-0.10032971,-0.39998972,-0.14987596,-0.00003639,-0.07604241,0.09493712,0.00020890,-0.00002132,-0.00005170,-0.00008758,-0.18300435,0.22847655,0.00050275,-0.00005132,-0.00012443,0.32052484,-0.53072947,0.09151494
10.60000000,-0.49997206,-0.71878339,1.12363791,-0.10032544,-0.39999016,-0.14987702,-0.00003814,-0.07969060,0.09949181,0.00021893,-0.00002235,-0.00005418,-0.00008698,-0.18175050,0.22691114,0.00049930,-0.00005096,-0.00012358,0.32019531,-0.53054989,0.09125376
10.62000000,-0.49997284,-0.72041345,1.12567300,-0.10032096,-0.39999061,-0.14987813,-0.00003987,-0.08330988,0.10401038,0.00022887,-0.00002336,-0.00005665,-0.00008619,-0.18011401,0.22486802,0.00049481,-0.00005051,-0.00012247,0.31984982,-0.53036161,0.09098092
10.64000000,-0.49997365,-0.72211555,1.12779802,-0.10031628,-0.39999109,-0.14987928,-0.00004158,-0.08689269,0.10848344,0.00023871,-0.00002437,-0.00005908,-0.00008523,-0.17810666,0.22236189,0.00048929,-0.00004994,-0.00012110,0.31948841,-0.53016466,0.09069661
10.66000000,-0.49997450,-0.72388887,1.13001197,-0.10031141,-0.39999159,-0.14988049,-0.00004328,-0.09043175,0.11290187,0.00024843,-0.00002536,-0.00006149,-0.00008410,-0.17574022,0.21940745,0.00048279,-0.00004928,-0.00011949,0.31911117,-0.52995909,0.09040102
10.68000000,-0.49997538,-0.72573248,1.13231367,-0.10030635,-0.39999211,-0.14988174,-0.00004494,-0.09391998,0.11725685,0.00025802,-0.00002634,-0.00006386,-0.00008280,-0.17302647,0.21601940,0.00047534,-0.00004852,-0.00011765,0.31871823,-0.52974495,0.09009440
10.70000000,-0.49997630,-0.72764528,1.13470176,-0.10030109,-0.39999264,-0.14988304,-0.00004659,-0.09735057,0.12153985,0.00026744,-0.00002730,-0.00006619,-0.00008134,-0.16997718,0.21221244,0.00046696,-0.00004766,-0.00011557,0.31830974,-0.52952233,0.08977700
10.72000000,-0.49997725,-0.72962607,1.13717473,-0.10029565,-0.39999320,-0.14988439,-0.00004820,-0.10071691,0.12574265,0.00027669,-0.00002824,-0.00006848,-0.00007973,-0.16660413,0.20800126,0.00045769,-0.00004672,-0.00011328,0.31788585,-0.52929132,0.08944912
10.74000000,-0.49997823,-0.73167349,1.13973088,-0.10029002,-0.39999377,-0.14988578,-0.00004977,-0.10401265,0.12985731,0.00028574,-0.00002917,-0.00007072,-0.00007796,-0.16291908,0.20340057,0.00044757,-0.00004568,-0.00011077,0.31744677,-0.52905204,0.08911106
10.76000000,-0.49997924,-0.73378607,1.14236838,-0.10028422,-0.39999436,-0.14988722,-0.00005132,-0.10723167,0.13387617,0.00029459,-0.00003007,-0.00007291,-0.00007606,-0.15893382,0.19842506,0.00043662,-0.00004457,-0.00010806,0.31699274,-0.52880460,0.08876314
10.78000000,-0.49998028,-0.73596221,1.14508524,-0.10027824,-0.39999498,-0.14988870,-0.00005282,-0.11036808,0.13779191,0.00030320,-0.00003095,-0.00007504,-0.00007401,-0.15466011,0.19308944,0.00042488,-0.00004337,-0.00010516,0.31652399,-0.52854914,0.08840572
10.80000000,-0.49998135,-0.73820020,1.14787933,-0.10027209,-0.39999560,-0.14989022,-0.00005427,-0.11341623,0.14159745,0.00031158,-0.00003180,-0.00007712,-0.00007183,-0.15010972,0.18740839,0.00041238,-0.00004209,-0.00010206,0.31604082,-0.52828581,0.08803916
10.82000000,-0.49998245,-0.74049823,1.15074836,-0.10026578,-0.39999625,-0.14989178,-0.00005569,-0.11637071,0.14528604,0.00031969,-0.00003263,-0.00007912,-0.00006953,-0.14529444,0.18139662,0.00039915,-0.00004074,-0.00009879,0.31554352,-0.52801478,0.08766386
10.84000000,-0.49998358,-0.74285437,1.15368994,-0.10025931,-0.39999691,-0.14989338,-0.00005705,-0.11922632,0.14885121,0.00032754,-0.00003343,-0.00008107,-0.00006710,-0.14022603,0.17506883,0.00038523,-0.00003932,-0.00009534,0.31503242,-0.52773623,0.08728020
10.86000000,-0.49998473,-0.74526659,1.15670154,-0.10025268,-0.39999758,-0.14989502,-0.00005837,-0.12197814,0.15228678,0.00033510,-0.00003420,-0.00008294,-0.00006456,-0.13491626,0.16843972,0.00037064,-0.00003783,-0.00009173,0.31450788,-0.52745034,0.08688861
10.88000000,-0.49998591,-0.74773277,1.15978051,-0.10024591,-0.39999828,-0.14989670,-0.00005964,-0.12462144,0.15558689,0.00034236,-0.00003495,-0.00008473,-0.00006191,-0.12937692,0.16152398,0.00035542,-0.00003628,-0.00008797,0.31397026,-0.52715733,0.08648953
10.90000000,-0.49998712,-0.75025070,1.16292408,-0.10023899,-0.39999898,-0.14989841,-0.00006085,-0.12715176,0.15874593,0.00034931,-0.00003565,-0.00008645,-0.00005916,-0.12361977,0.15433632,0.00033961,-0.00003466,-0.00008405,0.31341997,-0.52685741,0.08608339
10.92000000,-0.49998834,-0.75281806,1.16612937,-0.10023194,-0.39999970,-0.14990016,-0.00006200,-0.12956486,0.16175862,0.00035594,-0.00003633,-0.00008810,-0.00005630,-0.11765659,0.14689143,0.00032323,-0.00003299,-0.00008000,0.31285744,-0.52655081,0.08567064
10.94000000,-0.49998959,-0.75543248,1.16939342,-0.10022475,-0.40000043,-0.14990194,-0.00006310,-0.13185673,0.16461997,0.00036224,-0.00003697,-0.00008965,-0.00005336,-0.11149915,0.13920401,0.00030631,-0.00003127,-0.00007581,0.31228309,-0.52623778,0.08525177
10.96000000,-0.49999087,-0.75809150,1.17271313,-0.10021745,-0.40000118,-0.14990374,-0.00006414,-0.13402361,0.16732526,0.00036819,-0.00003758,-0.00009113,-0.00005032,-0.10515922,0.13128876,0.00028889,-0.00002949,-0.00007150,0.31169741,-0.52591855,0.08482723
10.98000000,-0.49999216,-0.76079257,1.17608536,-0.10021003,-0.40000194,-0.14990558,-0.00006511,-0.13606196,0.16987010,0.00037379,-0.00003815,-0.00009251,-0.00004721,-0.09864858,0.12316038,0.00027101,-0.00002766,-0.00006707,0.31110087,-0.52559341,0.08439751
11.00000000,-0.49999347,-0.76353310,1.17950684,-0.10020250,-0.40000271,-0.14990744,-0.00006602,-0.13796849,0.17225036,0.00037903,-0.00003869,-0.00009381,-0.00004402,-0.09197900,0.11483357,0.00025268,-0.00002579,-0.00006254,0.31049399,-0.52526262,0.08396311
11.02000000,-0.49999480,-0.76631041,1.18297425,-0.10019487,-0.40000349,-0.14990933,-0.00006687,-0.13974014,0.17446222,0.00038389,-0.00003918,-0.00009501,-0.00004075,-0.08516225,0.10632303,0.00023396,-0.00002388,-0.00005790,0.30987728,-0.52492648,0.08352450
11.04000000,-0.49999615,-0.76912178,1.18648418,-0.10018715,-0.40000427,-0.14991124,-0.00006765,-0.14137408,0.17650215,0.00038838,-0.00003964,-0.00009613,-0.00003743,-0.07821011,0.09764345,0.00021486,-0.00002193,-0.00005318,0.30925129,-0.52458527,0.08308221
11.06000000,-0.49999751,-0.77196444,1.19003317,-0.10017934,-0.40000507,-0.14991318,-0.00006837,-0.14286772,0.17836693,0.00039248,-0.00004006,-0.00009714,-0.00003404,-0.07113435,0.08880953,0.00019542,-0.00001995,-0.00004837,0.30861659,-0.52423931,0.08263672
11.08000000,-0.49999888,-0.77483554,1.19361767,-0.10017145,-0.40000588,-0.14991513,-0.00006901,-0.14421871,0.18005360,0.00039620,-0.00004044,-0.00009806,-0.00003060,-0.06394674,0.07983597,0.00017567,-0.00001793,-0.00004348,0.30797376,-0.52388891,0.08218853
11.10000000,-0.50000027,-0.77773222,1.19723411,-0.10016349,-0.40000669,-0.14991710,-0.00006959,-0.14542492,0.18155953,0.00039951,-0.00004078,-0.00009888,-0.00002711,-0.05665906,0.07073748,0.00015565,-0.00001589,-0.00003852,0.30732340,-0.52353440,0.08173816
11.12000000,-0.50000166,-0.78065156,1.20087883,-0.10015547,-0.40000751,-0.14991908,-0.00007010,-0.14648448,0.18288237,0.00040242,-0.00004108,-0.00009960,-0.00002358,-0.04928308,0.06152875,0.00013539,-0.00001382,-0.00003351,0.30666611,-0.52317612,0.08128611
11.14000000,-0.50000307,-0.78359061,1.20454817,-0.10014740,-0.40000833,-0.14992108,-0.00007054,-0.14739574,0.18402005,0.00040492,-0.00004133,-0.00010022,-0.00002002,-0.04183058,0.05222447,0.00011492,-0.00001173,-0.00002844,0.30600254,-0.52281440,0.08083287
11.16000000,-0.50000448,-0.78654639,1.20823839,-0.10013928,-0.40000916,-0.14992309,-0.00007090,-0.14815727,0.18497081,0.00040702,-0.00004155,-0.00010074,-0.00001642,-0.03431332,0.04283935,0.00009427,-0.00000962,-0.00002333,0.30533331,-0.52244960,0.08037896
11.18000000,-0.50000591,-0.78951590,1.21194574,-0.10013112,-0.40000999,-0.14992511,-0.00007119,-0.14876792,0.18573318,0.00040869,-0.00004172,-0.00010115,-0.00001280,-0.02674308,0.03338809,0.00007347,-0.00000750,-0.00001818,0.30465910,-0.52208207,0.07992486
11.20000000,-0.50000733,-0.79249610,1.21566645,-0.10012293,-0.40001083,-0.14992714,-0.00007141,-0.14922672,0.18630599,0.00040995,-0.00004184,-0.00010146,-0.00000916,-0.01913163,0.02388538,0.00005256,-0.00000536,-0.00001301,0.30398056,-0.52171218,0.07947107
11.22000000,-0.50000876,-0.79548395,1.21939671,-0.10011473,-0.40001167,-0.14992917,-0.00007156,-0.14953299,0.18668835,0.00041080,-0.00004193,-0.00010167,-0.00000550,-0.01149075,0.01434593,0.00003157,-0.00000322,-0.00000781,0.30329838,-0.52134030,0.07901808
11.24000000,-0.50001019,-0.79847640,1.22313271,-0.10010650,-0.40001250,-0.14993120,-0.00007163,-0.14968624,0.18687968,0.00041122,-0.00004197,-0.00010178,-0.00000183,-0.00383221,0.00478443,0.00001053,-0.00000107,-0.00000261,0.30261325,-0.52096681,0.07856636
11.26000000,-0.50001163,-0.80147038,1.22687062,-0.10009828,-0.40001334,-0.14993324,-0.00007163,-0.14968624,0.18687968,0.00041122,-0.00004197,-0.00010178,0.00000183,0.00383221,-0.00478443,-0.00001053,0.00000107,0.00000261,0.30192588,-0.52059209,0.07811640
11.28000000,-0.50001306,-0.80446282,1.23060662,-0.10009006,-0.40001418,-0.14993527,-0.00007156,-0.14953299,0.18668835,0.00041080,-0.00004193,-0.00010167,0.00000550,0.01149075,-0.01434593,-0.00003157,0.00000322,0.00000781,0.30123697,-0.52021652,0.07766865
11.30000000,-0.50001449,-0.80745068,1.23433688,-0.10008185,-0.40001502,-0.14993731,-0.00007141,-0.14922672,0.18630599,0.00040995,-0.00004184,-0.00010146,0.00000916,0.01913163,-0.02388538,-0.00005256,0.00000536,0.00001301,0.30054723,-0.51984051,0.07722359
11.32000000,-0.50001591,-0.81043088,1.23805759,-0.10007366,-0.40001586,-0.14993933,-0.00007119,-0.14876792,0.18573318,0.00040869,-0.00004172,-0.00010115,0.00001280,0.02674308,-0.03338809,-0.00007347,0.00000750,0.00001818,0.29985739,-0.51946443,0.07678164
11.34000000,-0.50001734,-0.81340038,1.24176495,-0.10006551,-0.40001669,-0.14994135,-0.00007090,-0.14815727,0.18497081,0.00040702,-0.00004155,-0.00010074,0.00001642,0.03431332,-0.04283935,-0.00009427,0.00000962,0.00002333,0.29916818,-0.51908869,0.07634327
11.36000000,-0.50001875,-0.81635616,1.24545517,-0.10005739,-0.40001752,-0.14994336,-0.00007054,-0.14739574,0.18402005,0.00040492,-0.00004133,-0.00010022,0.00002002,0.04183058,-0.05222447,-0.00011492,0.00001173,0.00002844,0.29848033,-0.51871369,0.07590888
11.38000000,-0.50002016,-0.81929521,1.24912450,-0.10004931,-0.40001834,-0.14994536,-0.00007010,-0.14648448,0.18288237,0.00040242,-0.00004108,-0.00009960,0.00002358,0.04928308,-0.06152875,-0.00013539,0.00001382,0.00003351,0.29779457,-0.51833982,0.07547890
11.40000000,-0.50002155,-0.82221455,1.25276923,-0.10004129,-0.40001916,-0.14994734,-0.00006959,-0.14542492,0.18155953,0.00039951,-0.00004078,-0.00009888,0.00002711,0.05665906,-0.07073748,-0.00015565,0.00001589,0.00003852,0.29711164,-0.51796748,0.07505374
11.42000000,-0.50002294,-0.82511123,1.25638566,-0.10003333,-0.40001997,-0.14994931,-0.00006901,-0.14421871,0.18005360,0.00039620,-0.00004044,-0.00009806,0.00003060,0.06394674,-0.07983597,-0.00017567,0.00001793,0.00004348,0.29643226,-0.51759709,0.07463379
11.44000000,-0.50002431,-0.82798233,1.25997017,-0.10002545,-0.40002078,-0.14995127,-0.00006837,-0.14286772,0.17836693,0.00039248,-0.00004006,-0.00009714,0.00003404,0.07113435,-0.08880953,-0.00019542,0.00001995,0.00004837,0.29575717,-0.51722902,0.07421942
11.46000000,-0.50002567,-0.83082499,1.26351915,-0.10001764,-0.40002158,-0.14995320,-0.00006765,-0.14137408,0.17650215,0.00038838,-0.00003964,-0.00009613,0.00003743,0.07821011,-0.09764345,-0.00021486,0.00002193,0.00005318,0.29508711,-0.51686369,0.07381101
11.48000000,-0.50002702,-0.83363636,1.26702909,-0.10000991,-0.40002236,-0.14995511,-0.00006687,-0.13974014,0.17446222,0.00038389,-0.00003918,-0.00009501,0.00004075,0.08516225,-0.10632303,-0.00023396,0.00002388,0.00005790,0.29442279,-0.51650149,0.07340891
11.50000000,-0.50002835,-0.83641368,1.27049649,-0.10000228,-0.40002314,-0.14995700,-0.00006602,-0.13796849,0.17225036,0.00037903,-0.00003869,-0.00009381,0.00004402,0.09197900,-0.11483357,-0.00025268,0.00002579,0.00006254,0.29376492,-0.51614281,0.07301345
11.52000000,-0.50002966,-0.83915420,1.27391798,-0.09999475,-0.40002391,-0.14995886,-0.00006511,-0.13606196,0.16987010,0.00037379,-0.00003815,-0.00009251,0.00004721,0.09864858,-0.12316038,-0.00027101,0.00002766,0.00006707,0.29311424,-0.51578803,0.07262497
11.54000000,-0.50003095,-0.84185528,1.27729020,-0.09998733,-0.40002467,-0.14996070,-0.00006414,-0.13402361,0.16732526,0.00036819,-0.00003758,-0.00009113,0.00005032,0.10515922,-0.13128876,-0.00028889,0.00002949,0.00007150,0.29247142,-0.51543754,0.07224377
11.56000000,-0.50003222,-0.84451429,1.28060992,-0.09998003,-0.40002541,-0.14996251,-0.00006310,-0.13185673,0.16461997,0.00036224,-0.00003697,-0.00008965,0.00005336,0.11149915,-0.13920401,-0.00030631,0.00003127,0.00007581,0.29183717,-0.51509172,0.07187015
11.58000000,-0.50003348,-0.84712871,1.28387396,-0.09997285,-0.40002615,-0.14996428,-0.00006200,-0.12956486,0.16175862,0.00035594,-0.00003633,-0.00008810,0.00005630,0.11765659,-0.14689143,-0.00032323,0.00003299,0.00008000,0.29121216,-0.51475094,0.07150439
11.60000000,-0.50003470,-0.84969608,1.28707925,-0.09996579,-0.40002687,-0.14996603,-0.00006085,-0.12715176,0.15874593,0.00034931,-0.00003565,-0.00008645,0.00005916,0.12361977,-0.15433632,-0.00033961,0.00003466,0.00008405,0.29059706,-0.51441555,0.07114675
11.62000000,-0.50003591,-0.85221400,1.29022282,-0.09995888,-0.40002757,-0.14996774,-0.00005964,-0.12462144,0.15558689,0.00034236,-0.00003495,-0.00008473,0.00006191,0.12937692,-0.16152398,-0.00035542,0.00003628,0.00008797,0.28999252,-0.51408592,0.07079749
11.64000000,-0.50003709,-0.85468018,1.29330179,-0.09995210,-0.40002826,-0.14996942,-0.00005837,-0.12197814,0.15228678,0.00033510,-0.00003420,-0.00008294,0.00006456,0.13491626,-0.16843972,-0.00037064,0.00003783,0.00009173,0.28939917,-0.51376238,0.07045683
11.66000000,-0.50003824,-0.85709240,1.29631339,-0.09994548,-0.40002894,-0.14997106,-0.00005705,-0.11922632,0.14885121,0.00032754,-0.00003343,-0.00008107,0.00006710,0.14022603,-0.17506883,-0.00038523,0.00003932,0.00009534,0.28881763,-0.51344528,0.07012500
11.68000000,-0.50003937,-0.85944854,1.29925497,-0.09993900,-0.40002960,-0.14997266,-0.00005569,-0.11637071,0.14528604,0.00031969,-0.00003263,-0.00007912,0.00006953,0.14529444,-0.18139662,-0.00039915,0.00004074,0.00009879,0.28824848,-0.51313494,0.06980220
11.70000000,-0.50004047,-0.86174657,1.30212401,-0.09993269,-0.40003025,-0.14997422,-0.00005427,-0.11341623,0.14159745,0.00031158,-0.00003180,-0.00007712,0.00007183,0.15010972,-0.18740839,-0.00041238,0.00004209,0.00010206,0.28769231,-0.51283167,0.06948861
11.72000000,-0.50004154,-0.86398457,1.30491809,-0.09992654,-0.40003087,-0.14997575,-0.00005282,-0.11036808,0.13779191,0.00030320,-0.00003095,-0.00007504,0.00007401,0.15466011,-0.19308944,-0.00042488,0.00004337,0.00010516,0.28714966,-0.51253577,0.06918441
11.74000000,-0.50004258,-0.86616071,1.30763495,-0.09992056,-0.40003148,-0.14997722,-0.00005132,-0.10723167,0.13387617,0.00029459,-0.00003007,-0.00007291,0.00007606,0.15893382,-0.19842506,-0.00043662,0.00004457,0.00010806,0.28662106,-0.51224753,0.06888974
11.76000000,-0.50004359,-0.86827328,1.31027245,-0.09991476,-0.40003208,-0.14997866,-0.00004977,-0.10401265,0.12985731,0.00028574,-0.00002917,-0.00007072,0.00007796,0.16291908,-0.20340057,-0.00044757,0.00004568,0.00011077,0.28610700,-0.51196721,0.06860475
11.78000000,-0.50004457,-0.87032070,1.31282860,-0.09990913,-0.40003265,-0.14998005,-0.00004820,-0.10071691,0.12574265,0.00027669,-0.00002824,-0.00006848,0.00007973,0.16660413,-0.20800126,-0.00045769,0.00004672,0.00011328,0.28560796,-0.51169509,0.06832955
11.80000000,-0.50004552,-0.87230149,1.31530157,-0.09990369,-0.40003321,-0.14998140,-0.00004659,-0.09735057,0.12153985,0.00026744,-0.00002730,-0.00006619,0.00008134,0.16997718,-0.21221244,-0.00046696,0.00004766,0.00011557,0.28512437,-0.51143139,0.06806426
11.82000000,-0.50004644,-0.87421430,1.31768966,-0.09989844,-0.40003374,-0.14998270,-0.00004494,-0.09391998,0.11725685,0.00025802,-0.00002634,-0.00006386,0.00008280,0.17302647,-0.21601940,-0.00047534,0.00004852,0.00011765,0.28465666,-0.51117633,0.06780894
11.84000000,-0.50004732,-0.87605790,1.31999136,-0.09989337,-0.40003426,-0.14998395,-0.00004328,-0.09043175,0.11290187,0.00024843,-0.00002536,-0.00006149,0.00008410,0.17574022,-0.21940745,-0.00048279,0.00004928,0.00011949,0.28420518,-0.51093014,0.06756369
11.86000000,-0.50004817,-0.87783123,1.32220531,-0.09988850,-0.40003476,-0.14998516,-0.00004158,-0.08689269,0.10848344,0.00023871,-0.00002437,-0.00005908,0.00008523,0.17810666,-0.22236189,-0.00048929,0.00004994,0.00012110,0.28377029,-0.51069298,0.06732855
11.88000000,-0.50004898,-0.87953332,1.32433034,-0.09988383,-0.40003523,-0.14998632,-0.00003987,-0.08330988,0.10401038,0.00022887,-0.00002336,-0.00005665,0.00008619,0.18011401,-0.22486802,-0.00049481,0.00005051,0.00012247,0.28335229,-0.51046504,0.06710356
11.90000000,-0.50004976,-0.88116338,1.32636543,-0.09987935,-0.40003569,-0.14998743,-0.00003814,-0.07969060,0.09949181,0.00021893,-0.00002235,-0.00005418,0.00008698,0.18175050,-0.22691114,-0.00049930,0.00005096,0.00012358,0.28295145,-0.51024645,0.06688873
11.92000000,-0.50005051,-0.88272075,1.32830977,-0.09987507,-0.40003613,-0.14998848,-0.00003639,-0.07604241,0.09493712,0.00020890,-0.00002132,-0.00005170,0.00008758,0.18300435,-0.22847655,-0.00050275,0.00005132,0.00012443,0.28256800,-0.51003735,0.06668408
11.94000000,-0.50005122,-0.88420493,1.33016274,-0.09987099,-0.40003654,-0.14998949,-0.00003463,-0.07237306,0.09035603,0.00019882,-0.00002029,-0.00004921,0.00008799,0.18386381,-0.22954955,-0.00050511,0.00005156,0.00012502,0.28220214,-0.50983783,0.06648958
11.96000000,-0.50005189,-0.88561558,1.33192390,-0.09986712,-0.40003694,-0.14999045,-0.00003287,-0.06869056,0.08575852,0.00018871,-0.00001926,-0.00004671,0.00008820,0.18431708,-0.23011545,-0.00050635,0.00005168,0.00012532,0.28185401,-0.50964799,0.06630521
11.98000000,-0.50005253,-0.88695252,1.33359303,-0.09986344,-0.40003731,-0.14999136,-0.00003111,-0.06500316,0.08115489,0.00017858,-0.00001823,-0.00004420,0.00008822,0.18435240,-0.23015955,-0.00050645,0.00005169,0.00012535,0.28152371,-0.50946786,0.06613092
12.00000000,-0.50005314,-0.88821574,1.33517012,-0.09985997,-0.40003767,-0.14999222,-0.00002934,-0.06131933,0.07655571,0.00016846,-0.00001719,-0.00004169,0.00008803,0.18395799,-0.22966714,-0.00050537,0.00005158,0.00012508,0.28121131,-0.50929750,0.06596662
12.02000000,-0.50005371,-0.88940538,1.33665537,-0.09985671,-0.40003800,-0.14999303,-0.00002759,-0.05764778,0.07197188,0.00015837,-0.00001617,-0.00003920,0.00008763,0.18312209,-0.22862354,-0.00050307,0.00005135,0.00012451,0.28091682,-0.50913690,0.06581225
12.04000000,-0.50005424,-0.89052179,1.33804918,-0.09985364,-0.40003832,-0.14999379,-0.00002584,-0.05399747,0.06741455,0.00014834,-0.00001514,-0.00003671,0.00008701,0.18183291,-0.22701403,-0.00049953,0.00005099,0.00012363,0.28064022,-0.50898606,0.06566769
12.06000000,-0.50005474,-0.89156548,1.33935220,-0.09985077,-0.40003861,-0.14999450,-0.00002411,-0.05037757,0.06289519,0.00013840,-0.00001413,-0.00003425,0.00008618,0.18007869,-0.22482392,-0.00049471,0.00005050,0.00012244,0.28038141,-0.50884492,0.06553282
12.08000000,-0.50005521,-0.89253716,1.34056532,-0.09984810,-0.40003888,-0.14999516,-0.00002239,-0.04679750,0.05842556,0.00012856,-0.00001312,-0.00003182,0.00008511,0.17784764,-0.22203852,-0.00048858,0.00004987,0.00012092,0.28014028,-0.50871342,0.06540748
12.10000000,-0.50005564,-0.89343771,1.34168963,-0.09984563,-0.40003913,-0.14999577,-0.00002071,-0.04326692,0.05401771,0.00011886,-0.00001213,-0.00002942,0.00008381,0.17512801,-0.21864312,-0.00048111,0.00004911,0.00011908,0.27991663,-0.50859145,0.06529153
12.12000000,-0.50005603,-0.89426823,1.34272652,-0.09984335,-0.40003937,-0.14999634,-0.00001904,-0.03979572,0.04968400,0.00010933,-0.00001116,-0.00002706,0.00008227,0.17190801,-0.21462303,-0.00047226,0.00004821,0.00011689,0.27971024,-0.50847890,0.06518477
12.14000000,-0.50005640,-0.89503000,1.34367757,-0.09984125,-0.40003958,-0.14999685,-0.00001742,-0.03639401,0.04543705,0.00009998,-0.00001021,-0.00002475,0.00008048,0.16817587,-0.20996354,-0.00046201,0.00004716,0.00011435,0.27952081,-0.50837559,0.06508699
12.16000000,-0.50005673,-0.89572452,1.34454466,-0.09983935,-0.40003977,-0.14999733,-0.00001583,-0.03307217,0.04128982,0.00009086,-0.00000927,-0.00002249,0.00007844,0.16391982,-0.20464996,-0.00045032,0.00004597,0.00011145,0.27934802,-0.50828136,0.06499796
12.18000000,-0.50005703,-0.89635349,1.34532992,-0.09983762,-0.40003995,-0.14999775,-0.00001428,-0.02984079,0.03725551,0.00008198,-0.00000837,-0.00002029,0.00007615,0.15912808,-0.19866759,-0.00043716,0.00004462,0.00010820,0.27919145,-0.50819597,0.06491744
12.20000000,-0.50005730,-0.89691883,1.34603573,-0.09983606,-0.40004011,-0.14999814,-0.00001278,-0.02671070,0.03334767,0.00007338,-0.00000749,-0.00001816,0.00007359,0.15378888,-0.19200173,-0.00042249,0.00004312,0.00010457,0.27905065,-0.50811919,0.06484514
12.22000000,-0.50005754,-0.89742267,1.34666476,-0.09983468,-0.40004025,-0.14999848,-0.00001134,-0.02369297,0.02958010,0.00006509,-0.00000664,-0.00001611,0.00007077,0.14789045,-0.18463768,-0.00040628,0.00004147,0.00010056,0.27892513,-0.50805073,0.06478078
12.24000000,-0.50005776,-0.89786737,1.34721996,-0.09983346,-0.40004038,-0.14999878,-0.00000995,-0.02079889,0.02596691,0.00005714,-0.00000583,-0.00001414,0.00006768,0.14142102,-0.17656075,-0.00038851,0.00003966,0.00009616,0.27881429,-0.50799029,0.06472402
12.26000000,-0.50005794,-0.89825553,1.34770456,-0.09983239,-0.40004048,-0.14999905,-0.00000863,-0.01804001,0.02252252,0.00004956,-0.00000506,-0.00001227,0.00006430,0.13436880,-0.16775623,-0.00036914,0.00003768,0.00009136,0.27871752,-0.50793751,0.06467451
12.28000000,-0.50005810,-0.89858995,1.34812209,-0.09983147,-0.40004058,-0.14999927,-0.00000738,-0.01542810,0.01926161,0.00004238,-0.00000433,-0.00001049,0.00006064,0.12672204,-0.15820943,-0.00034813,0.00003553,0.00008616,0.27863412,-0.50789203,0.06463189
12.30000000,-0.50005824,-0.89887371,1.34847635,-0.09983069,-0.40004066,-0.14999947,-0.00000621,-0.01297517,0.01619919,0.00003565,-0.00000364,-0.00000882,0.00005669,0.11846895,-0.14790564,-0.00032546,0.00003322,0.00008055,0.27856334,-0.50785343,0.06459575
12.32000000,-0.50005835,-0.89911010,1.34877148,-0.09983004,-0.40004072,-0.14999963,-0.00000512,-0.01069346,0.01335053,0.00002938,-0.00000300,-0.00000727,0.00005245,0.10959776,-0.13683017,-0.00030109,0.00003073,0.00007452,0.27850436,-0.50782126,0.06456566
12.34000000,-0.50005844,-0.89930267,1.34901190,-0.09982952,-0.40004078,-0.14999976,-0.00000411,-0.00859546,0.01073122,0.00002361,-0.00000241,-0.00000584,0.00004790,0.10009669,-0.12496832,-0.00027498,0.00002807,0.00006806,0.27845631,-0.50779506,0.06454115
12.36000000,-0.50005852,-0.89945523,1.34920236,-0.09982910,-0.40004082,-0.14999986,-0.00000320,-0.00669387,0.00835714,0.00001839,-0.00000188,-0.00000455,0.00004305,0.08995399,-0.11230540,-0.00024712,0.00002522,0.00006116,0.27841823,-0.50777429,0.06452174
12.38000000,-0.50005857,-0.89957182,1.34934793,-0.09982878,-0.40004085,-0.14999994,-0.00000239,-0.00500166,0.00624445,0.00001374,-0.00000140,-0.00000340,0.00003788,0.07915786,-0.09882669,-0.00021746,0.00002220,0.00005382,0.27838913,-0.50775842,0.06450691
12.40000000,-0.50005861,-0.89965678,1.34945399,-0.09982854,-0.40004088,-0.15000000,-0.00000169,-0.00353199,0.00440961,0.00000970,-0.00000099,-0.00000240,0.00003240,0.06769654,-0.08451751,-0.00018598,0.00001898,0.00004603,0.27836793,-0.50774686,0.06449611
12.42000000,-0.50005864,-0.89971468,1.34952628,-0.09982838,-0.40004089,-0.15000004,-0.00000110,-0.00229831,0.00286938,0.00000631,-0.00000064,-0.00000156,0.00002659,0.05555826,-0.06936315,-0.00015263,0.00001558,0.00003778,0.27835348,-0.50773898,0.06448875
12.44000000,-0.50005866,-0.89975037,1.34957084,-0.09982829,-0.40004090,-0.15000006,-0.00000063,-0.00131425,0.00164082,0.00000361,-0.00000037,-0.00000089,0.00002045,0.04273123,-0.05334892,-0.00011739,0.00001198,0.00002905,0.27834456,-0.50773412,0.06448421
12.46000000,-0.50005867,-0.89976900,1.34959410,-0.09982823,-0.40004091,-0.15000008,-0.00000028,-0.00059373,0.00074126,0.00000163,-0.00000017,-0.00000040,0.00001398,0.02920370,-0.03646012,-0.00008023,0.00000819,0.00001986,0.27833991,-0.50773158,0.06448184
12.48000000,-0.50005867,-0.89977597,1.34960281,-0.09982822,-0.40004091,-0.15000008,-0.00000007,-0.00015086,0.00018834,0.00000041,-0.00000004,-0.00000010,0.00000716,0.01496388,-0.01868204,-0.00004111,0.00000420,0.00001017,0.27833817,-0.50773063,0.06448096
12.50000000,-0.50005867,-0.89977698,1.34960407,-0.09982821,-0.40004091,-0.15000008,-0.00000000,-0.00000000,0.00000000,0.00000000,-0.00000000,-0.00000000,-0.00000000,-0.00000000,0.00000000,0.00000000,-0.00000000,-0.00000000,0.27833792,-0.50773049,0.06448083
12.52000000,-0.50005867,-0.89977572,1.34960255,-0.09982822,-0.40004091,-0.15000008,0.00000008,0.00018855,-0.00022594,-0.00000052,0.00000005,0.00000011,0.00000826,0.01870291,-0.02241140,-0.00005129,0.00000495,0.00001061,0.27833823,-0.50773066,0.06448101
12.54000000,-0.50005867,-0.89976701,1.34959211,-0.09982824,-0.40004091,-0.15000008,0.00000033,0.00074208,-0.00088923,-0.00000203,0.00000020,0.00000042,0.00001612,0.03650083,-0.04373838,-0.00010009,0.00000966,0.00002071,0.27834035,-0.50773182,0.06448224
12.56000000,-0.50005866,-0.89974372,1.34956421,-0.09982830,-0.40004090,-0.15000006,0.00000073,0.00164265,-0.00196836,-0.00000450,0.00000043,0.00000093,0.00002358,0.05340849,-0.06399856,-0.00014646,0.00001414,0.00003031,0.27834603,-0.50773491,0.06448554
12.58000000,-0.50005864,-0.89969911,1.34951075,-0.09982843,-0.40004089,-0.15000004,0.00000127,0.00287259,-0.00344217,-0.00000788,0.00000076,0.00000163,0.00003066,0.06944061,-0.08320960,-0.00019042,0.00001838,0.00003941,0.27835690,-0.50774084,0.06449186
12.60000000,-0.50005860,-0.89962674,1.34942403,-0.09982862,-0.40004087,-0.15000000,0.00000195,0.00441453,-0.00528987,-0.00001211,0.00000117,0.00000251,0.00003736,0.08461189,-0.10138910,-0.00023202,0.00002239,0.00004802,0.27837453,-0.50775046,0.06450211
12.62000000,-0.50005856,-0.89952056,1.34929680,-0.09982892,-0.40004084,-0.14999994,0.00000276,0.00625142,-0.00749098,-0.00001714,0.00000165,0.00000355,0.00004369,0.09893705,-0.11855472,-0.00027131,0.00002619,0.00005615,0.27840040,-0.50776457,0.06451715
12.64000000,-0.50005849,-0.89937483,1.34912217,-0.09982932,-0.40004080,-0.14999985,0.00000369,0.00836647,-0.01002541,-0.00002294,0.00000221,0.00000475,0.00004964,0.11243080,-0.13472408,-0.00030831,0.00002976,0.00006381,0.27843590,-0.50778393,0.06453780
12.66000000,-0.50005841,-0.89918416,1.34889369,-0.09982984,-0.40004075,-0.14999975,0.00000474,0.01074321,-0.01287342,-0.00002946,0.00000284,0.00000610,0.00005524,0.12510787,-0.14991481,-0.00034307,0.00003311,0.00007100,0.27848234,-0.50780926,0.06456482
12.68000000,-0.50005830,-0.89894347,1.34860527,-0.09983050,-0.40004069,-0.14999961,0.00000590,0.01336544,-0.01601560,-0.00003665,0.00000354,0.00000759,0.00006049,0.13698296,-0.16414455,-0.00037564,0.00003626,0.00007774,0.27854096,-0.50784124,0.06459895
12.70000000,-0.50005817,-0.89864801,1.34825123,-0.09983131,-0.40004061,-0.14999944,0.00000716,0.01621728,-0.01943291,-0.00004447,0.00000429,0.00000920,0.00006538,0.14807080,-0.17743093,-0.00040604,0.00003919,0.00008403,0.27861290,-0.50788047,0.06464086
12.72000000,-0.50005801,-0.89829335,1.34782625,-0.09983228,-0.40004052,-0.14999924,0.00000851,0.01928312,-0.02310666,-0.00005288,0.00000510,0.00001094,0.00006994,0.15838609,-0.18979158,-0.00043433,0.00004192,0.00008989,0.27869924,-0.50792756,0.06469120
12.74000000,-0.50005783,-0.89787536,1.34732538,-0.09983343,-0.40004041,-0.14999900,0.00000996,0.02254767,-0.02701852,-0.00006183,0.00000597,0.00001280,0.00007416,0.16794356,-0.20124414,-0.00046054,0.00004445,0.00009531,0.27880096,-0.50798304,0.06475056
12.76000000,-0.50005762,-0.89739022,1.34674404,-0.09983476,-0.40004028,-0.14999873,0.00001148,0.02599591,-0.03115049,-0.00007129,0.00000688,0.00001475,0.00007805,0.17675791,-0.21180624,-0.00048471,0.00004678,0.00010031,0.27891898,-0.50804742,0.06481952
12.78000000,-0.50005737,-0.89683440,1.34607801,-0.09983628,-0.40004013,-0.14999841,0.00001308,0.02961313,-0.03548495,-0.00008121,0.00000784,0.00001681,0.00008162,0.18484386,-0.22149551,-0.00050688,0.00004892,0.00010490,0.27905415,-0.50812114,0.06489859
12.80000000,-0.50005709,-0.89620466,1.34532341,-0.09983801,-0.40003997,-0.14999805,0.00001474,0.03338491,-0.04000461,-0.00009155,0.00000884,0.00001895,0.00008487,0.19221613,-0.23032959,-0.00052710,0.00005087,0.00010909,0.27920722,-0.50820462,0.06498827
12.82000000,-0.50005678,-0.89549806,1.34447670,-0.09983995,-0.40003978,-0.14999765,0.00001647,0.03729712,-0.04469255,-0.00010228,0.00000987,0.00002117,0.00008782,0.19888943,-0.23832611,-0.00054540,0.00005264,0.00011287,0.27937888,-0.50829825,0.06508902
12.84000000,-0.50005643,-0.89471193,1.34353469,-0.09984210,-0.40003957,-0.14999721,0.00001825,0.04133592,-0.04953219,-0.00011335,0.00001094,0.00002346,0.00009047,0.20487848,-0.24550269,-0.00056182,0.00005423,0.00011627,0.27956976,-0.50840236,0.06520124
12.86000000,-0.50005605,-0.89384387,1.34249451,-0.09984448,-0.40003934,-0.14999671,0.00002009,0.04548779,-0.05450731,-0.00012474,0.00001204,0.00002581,0.00009281,0.21019800,-0.25187698,-0.00057641,0.00005563,0.00011929,0.27978040,-0.50851724,0.06532534
12.88000000,-0.50005563,-0.89289176,1.34135360,-0.09984709,-0.40003909,-0.14999617,0.00002196,0.04973948,-0.05960204,-0.00013640,0.00001316,0.00002823,0.00009487,0.21486269,-0.25746660,-0.00058920,0.00005687,0.00012194,0.28001128,-0.50864316,0.06546166
12.90000000,-0.50005517,-0.89185371,1.34010974,-0.09984994,-0.40003881,-0.14999559,0.00002388,0.05407803,-0.06480086,-0.00014829,0.00001431,0.00003069,0.00009665,0.21888727,-0.26228920,-0.00060023,0.00005793,0.00012422,0.28026279,-0.50878034,0.06561054
12.92000000,-0.50005467,-0.89072814,1.33876098,-0.09985303,-0.40003852,-0.14999495,0.00002583,0.05849080,-0.07008861,-0.00016039,0.00001548,0.00003319,0.00009815,0.22228646,-0.26636240,-0.00060956,0.00005883,0.00012615,0.28053530,-0.50892897,0.06577227
12.94000000,-0.50005414,-0.88951367,1.33730570,-0.09985636,-0.40003819,-0.14999426,0.00002780,0.06296542,-0.07545048,-0.00017266,0.00001667,0.00003573,0.00009938,0.22507497,-0.26970383,-0.00061720,0.00005957,0.00012773,0.28082905,-0.50908918,0.06594712
12.96000000,-0.50005356,-0.88820919,1.33574256,-0.09985993,-0.40003785,-0.14999352,0.00002980,0.06748982,-0.08087200,-0.00018507,0.00001786,0.00003830,0.00010035,0.22726753,-0.27233113,-0.00062322,0.00006015,0.00012898,0.28114427,-0.50926110,0.06613532
12.98000000,-0.50005295,-0.88681382,1.33407051,-0.09986376,-0.40003748,-0.14999273,0.00003182,0.07205224,-0.08633908,-0.00019758,0.00001907,0.00004089,0.00010106,0.22887883,-0.27426193,-0.00062763,0.00006058,0.00012989,0.28148111,-0.50944481,0.06633710
13.00000000,-0.50005229,-0.88532692,1.33228879,-0.09986784,-0.40003709,-0.14999188,0.00003384,0.07664120,-0.09183795,-0.00021017,0.00002028,0.00004349,0.00010152,0.22992360,-0.27551386,-0.00063050,0.00006085,0.00013048,0.28183963,-0.50964035,0.06655263
13.02000000,-0.50005159,-0.88374807,1.33039687,-0.09987217,-0.40003667,-0.14999099,0.00003587,0.08124551,-0.09735523,-0.00022279,0.00002150,0.00004611,0.00010174,0.23041656,-0.27610457,-0.00063185,0.00006098,0.00013076,0.28221987,-0.50984773,0.06678208
13.04000000,-0.50005085,-0.88207707,1.32839454,-0.09987675,-0.40003623,-0.14999004,0.00003791,0.08585428,-0.10287785,-0.00023543,0.00002272,0.00004872,0.00010172,0.23037241,-0.27605167,-0.00063173,0.00006097,0.00013074,0.28262180,-0.51006693,0.06702558
13.06000000,-0.50005008,-0.88031394,1.32628181,-0.09988158,-0.40003576,-0.14998904,0.00003994,0.09045692,-0.10839312,-0.00024805,0.00002394,0.00005134,0.00010147,0.22980588,-0.27537280,-0.00063018,0.00006082,0.00013042,0.28304532,-0.51029791,0.06728324
13.08000000,-0.50004926,-0.87845891,1.32405895,-0.09988667,-0.40003527,-0.14998798,0.00004197,0.09504313,-0.11388870,-0.00026063,0.00002516,0.00005394,0.00010100,0.22873168,-0.27408560,-0.00062723,0.00006054,0.00012981,0.28349027,-0.51054058,0.06755514
13.10000000,-0.50004840,-0.87651239,1.32172647,-0.09989201,-0.40003475,-0.14998688,0.00004398,0.09960290,-0.11935261,-0.00027313,0.00002636,0.00005653,0.00010031,0.22716452,-0.27220770,-0.00062293,0.00006012,0.00012892,0.28395647,-0.51079484,0.06784133
13.12000000,-0.50004750,-0.87447503,1.31928513,-0.09989760,-0.40003421,-0.14998572,0.00004598,0.10412653,-0.12477319,-0.00028554,0.00002756,0.00005909,0.00009940,0.22511912,-0.26975673,-0.00061732,0.00005958,0.00012776,0.28444366,-0.51106054,0.06814186
13.14000000,-0.50004656,-0.87234764,1.31673591,-0.09990343,-0.40003365,-0.14998452,0.00004796,0.10860458,-0.13013917,-0.00029782,0.00002874,0.00006163,0.00009830,0.22261019,-0.26675032,-0.00061044,0.00005892,0.00012633,0.28495154,-0.51133752,0.06845674
13.16000000,-0.50004558,-0.87013121,1.31408000,-0.09990951,-0.40003306,-0.14998326,0.00004991,0.11302794,-0.13543962,-0.00030995,0.00002992,0.00006414,0.00009699,0.21965246,-0.26320611,-0.00060233,0.00005814,0.00012466,0.28547975,-0.51162559,0.06878595
13.18000000,-0.50004456,-0.86782694,1.31131883,-0.09991583,-0.40003245,-0.14998195,0.00005183,0.11738778,-0.14066395,-0.00032190,0.00003107,0.00006662,0.00009549,0.21626062,-0.25914173,-0.00059303,0.00005724,0.00012273,0.28602791,-0.51192453,0.06912945
13.20000000,-0.50004351,-0.86543618,1.30845402,-0.09992238,-0.40003182,-0.14998059,0.00005373,0.12167557,-0.14580194,-0.00033366,0.00003220,0.00006905,0.00009381,0.21244941,-0.25457481,-0.00058258,0.00005623,0.00012057,0.28659556,-0.51223411,0.06948718
13.22000000,-0.50004241,-0.86296046,1.30548739,-0.09992917,-0.40003117,-0.14997919,0.00005558,0.12588306,-0.15084371,-0.00034520,0.00003332,0.00007144,0.00009195,0.20823353,-0.24952299,-0.00057102,0.00005511,0.00011818,0.28718224,-0.51255405,0.06985907
13.24000000,-0.50004128,-0.86040145,1.30242098,-0.09993619,-0.40003049,-0.14997774,0.00005740,0.13000231,-0.15577974,-0.00035649,0.00003441,0.00007378,0.00008991,0.20362770,-0.24400390,-0.00055839,0.00005389,0.00011556,0.28778741,-0.51288408,0.07024500
13.26000000,-0.50004012,-0.85776100,1.29925697,-0.09994343,-0.40002979,-0.14997624,0.00005918,0.13402567,-0.16060087,-0.00036753,0.00003547,0.00007606,0.00008771,0.19864664,-0.23803516,-0.00054473,0.00005258,0.00011273,0.28841051,-0.51322388,0.07064484
13.28000000,-0.50003892,-0.85504111,1.29599777,-0.09995089,-0.40002907,-0.14997469,0.00006091,0.13794577,-0.16529827,-0.00037828,0.00003651,0.00007829,0.00008536,0.19330505,-0.23163442,-0.00053008,0.00005116,0.00010970,0.28905095,-0.51357313,0.07105843
13.30000000,-0.50003768,-0.85224391,1.29264592,-0.09995856,-0.40002833,-0.14997311,0.00006259,0.14175557,-0.16986348,-0.00038872,0.00003752,0.00008045,0.00008284,0.18761766,-0.22481931,-0.00051449,0.00004966,0.00010648,0.28970809,-0.51393149,0.07148561
13.32000000,-0.50003641,-0.84937167,1.28920416,-0.09996643,-0.40002757,-0.14997148,0.00006422,0.14544827,-0.17428840,-0.00039885,0.00003850,0.00008254,0.00008019,0.18159918,-0.21760746,-0.00049798,0.00004806,0.00010306,0.29038127,-0.51429860,0.07192616
13.34000000,-0.50003511,-0.84642680,1.28567537,-0.09997451,-0.40002679,-0.14996980,0.00006580,0.14901742,-0.17856525,-0.00040864,0.00003944,0.00008457,0.00007739,0.17526432,-0.21001650,-0.00048061,0.00004639,0.00009946,0.29106981,-0.51467407,0.07237987
13.36000000,-0.50003378,-0.84341184,1.28206259,-0.09998278,-0.40002599,-0.14996809,0.00006732,0.15245684,-0.18268665,-0.00041807,0.00004035,0.00008652,0.00007446,0.16862781,-0.20206407,-0.00046241,0.00004463,0.00009570,0.29177297,-0.51505751,0.07284648
13.38000000,-0.50003242,-0.84032943,1.27836899,-0.09999123,-0.40002518,-0.14996634,0.00006878,0.15576062,-0.18664552,-0.00042713,0.00004123,0.00008840,0.00007140,0.16170435,-0.19376780,-0.00044343,0.00004280,0.00009177,0.29249001,-0.51544852,0.07332573
13.40000000,-0.50003103,-0.83718235,1.27459790,-0.09999986,-0.40002434,-0.14996456,0.00007017,0.15892319,-0.19043518,-0.00043580,0.00004206,0.00009019,0.00006822,0.15450866,-0.18514532,-0.00042370,0.00004089,0.00008769,0.29322017,-0.51584668,0.07381732
13.42000000,-0.50002961,-0.83397348,1.27075275,-0.10000866,-0.40002349,-0.14996274,0.00007151,0.16193925,-0.19404928,-0.00044407,0.00004286,0.00009190,0.00006493,0.14705546,-0.17621426,-0.00040326,0.00003892,0.00008346,0.29396264,-0.51625154,0.07432093
13.44000000,-0.50002817,-0.83070579,1.26683714,-0.10001762,-0.40002263,-0.14996088,0.00007277,0.16480379,-0.19748181,-0.00045193,0.00004362,0.00009353,0.00006154,0.13935945,-0.16699226,-0.00038215,0.00003688,0.00007909,0.29471662,-0.51666268,0.07483622
13.46000000,-0.50002670,-0.82738237,1.26285473,-0.10002673,-0.40002175,-0.14995900,0.00007397,0.16751211,-0.20072715,-0.00045935,0.00004434,0.00009507,0.00005804,0.13143537,-0.15749695,-0.00036042,0.00003479,0.00007459,0.29548127,-0.51707963,0.07536284
13.48000000,-0.50002521,-0.82400638,1.25880933,-0.10003599,-0.40002086,-0.14995708,0.00007509,0.17005979,-0.20377999,-0.00046634,0.00004501,0.00009651,0.00005444,0.12329791,-0.14774596,-0.00033811,0.00003263,0.00006997,0.29625576,-0.51750194,0.07590039
13.50000000,-0.50002370,-0.82058108,1.25470485,-0.10004538,-0.40001995,-0.14995514,0.00007614,0.17244270,-0.20663540,-0.00047287,0.00004564,0.00009786,0.00005076,0.11496180,-0.13775693,-0.00031525,0.00003043,0.00006524,0.29703922,-0.51792913,0.07644847
13.52000000,-0.50002217,-0.81710979,1.25054526,-0.10005490,-0.40001903,-0.14995317,0.00007712,0.17465703,-0.20928880,-0.00047895,0.00004623,0.00009912,0.00004700,0.10644175,-0.12754749,-0.00029189,0.00002817,0.00006041,0.29783079,-0.51836074,0.07700664
13.54000000,-0.50002062,-0.81359594,1.24633467,-0.10006454,-0.40001810,-0.14995117,0.00007802,0.17669924,-0.21173595,-0.00048455,0.00004677,0.00010028,0.00004316,0.09775248,-0.11713527,-0.00026806,0.00002587,0.00005548,0.29862958,-0.51879629,0.07757447
13.56000000,-0.50001905,-0.81004299,1.24207723,-0.10007428,-0.40001716,-0.14994916,0.00007885,0.17856610,-0.21397297,-0.00048967,0.00004726,0.00010134,0.00003926,0.08890870,-0.10653791,-0.00024381,0.00002353,0.00005046,0.29943472,-0.51923528,0.07815146
13.58000000,-0.50001746,-0.80645449,1.23777718,-0.10008412,-0.40001621,-0.14994712,0.00007959,0.18025466,-0.21599635,-0.00049430,0.00004771,0.00010230,0.00003529,0.07992512,-0.09577303,-0.00021917,0.00002115,0.00004536,0.30024531,-0.51967724,0.07873714
13.60000000,-0.50001586,-0.80283401,1.23343882,-0.10009405,-0.40001525,-0.14994507,0.00008026,0.18176227,-0.21780289,-0.00049843,0.00004811,0.00010315,0.00003127,0.07081647,-0.08485827,-0.00019419,0.00001874,0.00004019,0.30106044,-0.52012168,0.07933097
13.62000000,-0.50001425,-0.79918522,1.22906652,-0.10010406,-0.40001429,-0.14994299,0.00008084,0.18308658,-0.21938980,-0.00050206,0.00004846,0.00010390,0.00002720,0.06159745,-0.07381127,-0.00016891,0.00001630,0.00003496,0.30187924,-0.52056811,0.07993244
13.64000000,-0.50001263,-0.79551179,1.22466471,-0.10011413,-0.40001331,-0.14994091,0.00008135,0.18422553,-0.22075458,-0.00050519,0.00004876,0.00010455,0.00002309,0.05228279,-0.06264965,-0.00014337,0.00001384,0.00002967,0.30270080,-0.52101603,0.08054099
13.66000000,-0.50001100,-0.79181744,1.22023784,-0.10012426,-0.40001234,-0.14993881,0.00008177,0.18517736,-0.22189513,-0.00050780,0.00004901,0.00010509,0.00001894,0.04288719,-0.05139105,-0.00011761,0.00001135,0.00002434,0.30352422,-0.52146497,0.08115604
13.68000000,-0.50000936,-0.78810595,1.21579041,-0.10013444,-0.40001135,-0.14993671,0.00008210,0.18594058,-0.22280969,-0.00050989,0.00004921,0.00010552,0.00001476,0.03342537,-0.04005310,-0.00009166,0.00000885,0.00001897,0.30434862,-0.52191443,0.08177701
13.70000000,-0.50000772,-0.78438109,1.21132696,-0.10014465,-0.40001037,-0.14993459,0.00008236,0.18651403,-0.22349685,-0.00051146,0.00004937,0.00010585,0.00001056,0.02391205,-0.02865344,-0.00006557,0.00000633,0.00001357,0.30517310,-0.52236393,0.08240329
13.72000000,-0.50000607,-0.78064666,1.20685206,-0.10015489,-0.40000938,-0.14993247,0.00008253,0.18689682,-0.22395554,-0.00051251,0.00004947,0.00010607,0.00000634,0.01436195,-0.01720970,-0.00003938,0.00000380,0.00000815,0.30599680,-0.52281299,0.08303425
13.74000000,-0.50000442,-0.77690649,1.20237027,-0.10016515,-0.40000839,-0.14993035,0.00008261,0.18708836,-0.22418506,-0.00051304,0.00004952,0.00010618,0.00000211,0.00478977,-0.00573950,-0.00001313,0.00000127,0.00000272,0.30681883,-0.52326114,0.08366926
13.76000000,-0.50000276,-0.77316440,1.19788619,-0.10017541,-0.40000740,-0.14992823,0.00008261,0.18708836,-0.22418506,-0.00051304,0.00004952,0.00010618,-0.00000211,-0.00478977,0.00573950,0.00001313,-0.00000127,-0.00000272,0.30763834,-0.52370791,0.08430767
13.78000000,-0.50000111,-0.76942423,1.19340440,-0.10018567,-0.40000641,-0.14992610,0.00008253,0.18689682,-0.22395554,-0.00051251,0.00004947,0.00010607,-0.00000634,-0.01436195,0.01720970,0.00003938,-0.00000380,-0.00000815,0.30845448,-0.52415283,0.08494880
13.80000000,-0.49999946,-0.76568980,1.18892949,-0.10019591,-0.40000542,-0.14992399,0.00008236,0.18651403,-0.22349685,-0.00051146,0.00004937,0.00010585,-0.00001056,-0.02391205,0.02865344,0.00006557,-0.00000633,-0.00001357,0.30926641,-0.52459545,0.08559199
13.82000000,-0.49999782,-0.76196494,1.18446605,-0.10020612,-0.40000444,-0.14992187,0.00008210,0.18594058,-0.22280969,-0.00050989,0.00004921,0.00010552,-0.00001476,-0.03342537,0.04005310,0.00009166,-0.00000885,-0.00001897,0.31007330,-0.52503532,0.08623654
13.84000000,-0.49999618,-0.75825345,1.18001862,-0.10021630,-0.40000345,-0.14991977,0.00008177,0.18517736,-0.22189513,-0.00050780,0.00004901,0.00010509,-0.00001894,-0.04288719,0.05139105,0.00011761,-0.00001135,-0.00002434,0.31087436,-0.52547201,0.08688176
13.86000000,-0.49999455,-0.75455910,1.17559175,-0.10022643,-0.40000248,-0.14991767,0.00008135,0.18422553,-0.22075458,-0.00050519,0.00004876,0.00010455,-0.00002309,-0.05228279,0.06264965,0.00014337,-0.00001384,-0.00002967,0.31166880,-0.52590507,0.08752694
13.88000000,-0.49999293,-0.75088567,1.17118993,-0.10023650,-0.40000150,-0.14991558,0.00008084,0.18308658,-0.21938980,-0.00050206,0.00004846,0.00010390,-0.00002720,-0.06159745,0.07381127,0.00016891,-0.00001630,-0.00003496,0.31245583,-0.52633409,0.08817137
13.90000000,-0.49999131,-0.74723688,1.16681764,-0.10024651,-0.40000054,-0.14991351,0.00008026,0.18176227,-0.21780289,-0.00049843,0.00004811,0.00010315,-0.00003127,-0.07081647,0.08485827,0.00019419,-0.00001874,-0.00004019,0.31323470,-0.52675866,0.08881432
13.92000000,-0.49998972,-0.74361640,1.16247928,-0.10025644,-0.39999958,-0.14991146,0.00007959,0.18025466,-0.21599635,-0.00049430,0.00004771,0.00010230,-0.00003529,-0.07992512,0.09577303,0.00021917,-0.00002115,-0.00004536,0.31400469,-0.52717838,0.08945508
13.94000000,-0.49998813,-0.74002790,1.15817923,-0.10026628,-0.39999863,-0.14990942,0.00007885,0.17856610,-0.21397297,-0.00048967,0.00004726,0.00010134,-0.00003926,-0.08890870,0.10653791,0.00024381,-0.00002353,-0.00005046,0.31476508,-0.52759285,0.09009292
13.96000000,-0.49998656,-0.73647495,1.15392179,-0.10027602,-0.39999769,-0.14990741,0.00007802,0.17669924,-0.21173595,-0.00048455,0.00004677,0.00010028,-0.00004316,-0.09775248,0.11713527,0.00026806,-0.00002587,-0.00005548,0.31551517,-0.52800171,0.09072712
13.98000000,-0.49998501,-0.73296110,1.14971119,-0.10028566,-0.39999676,-0.14990541,0.00007712,0.17465703,-0.20928880,-0.00047895,0.00004623,0.00009912,-0.00004700,-0.10644175,0.12754749,0.00029189,-0.00002817,-0.00006041,0.31625430,-0.52840459,0.09135694
14.00000000,-0.49998348,-0.72948982,1.14555161,-0.10029518,-0.39999584,-0.14990344,0.00007614,0.17244270,-0.20663540,-0.00047287,0.00004564,0.00009786,-0.00005076,-0.11496180,0.13775693,0.00031525,-0.00003043,-0.00006524,0.31698183,-0.52880114,0.09198167
14.02000000,-0.49998197,-0.72606451,1.14144712,-0.10030457,-0.39999493,-0.14990150,0.00007509,0.17005979,-0.20377999,-0.00046634,0.00004501,0.00009651,-0.00005444,-0.12329791,0.14774596,0.00033811,-0.00003263,-0.00006997,0.31769712,-0.52919102,0.09260058
14.04000000,-0.49998047,-0.72268852,1.13740173,-0.10031383,-0.39999404,-0.14989958,0.00007397,0.16751211,-0.20072715,-0.00045935,0.00004434,0.00009507,-0.00005804,-0.13143537,0.15749695,0.00036042,-0.00003479,-0.00007459,0.31839959,-0.52957389,0.09321297
14.06000000,-0.49997901,-0.71936510,1.13341932,-0.10032294,-0.39999316,-0.14989770,0.00007277,0.16480379,-0.19748181,-0.00045193,0.00004362,0.00009353,-0.00006154,-0.13935945,0.16699226,0.00038215,-0.00003688,-0.00007909,0.31908867,-0.52994947,0.09381812
14.08000000,-0.49997756,-0.71609741,1.12950370,-0.10033190,-0.39999230,-0.14989584,0.00007151,0.16193925,-0.19404928,-0.00044407,0.00004286,0.00009190,-0.00006493,-0.14705546,0.17621426,0.00040326,-0.00003892,-0.00008346,0.31976381,-0.53031744,0.09441535
14.10000000,-0.49997615,-0.71288854,1.12565856,-0.10034070,-0.39999145,-0.14989402,0.00007017,0.15892319,-0.19043518,-0.00043580,0.00004206,0.00009019,-0.00006822,-0.15450866,0.18514532,0.00042370,-0.00004089,-0.00008769,0.32042449,-0.53067752,0.09500395
14.12000000,-0.49997476,-0.70974146,1.12188747,-0.10034933,-0.39999061,-0.14989223,0.00006878,0.15576062,-0.18664552,-0.00042713,0.00004123,0.00008840,-0.00007140,-0.16170435,0.19376780,0.00044343,-0.00004280,-0.00009177,0.32107022,-0.53102946,0.09558327
14.14000000,-0.49997340,-0.70665906,1.11819387,-0.10035778,-0.39998980,-0.14989048,0.00006732,0.15245684,-0.18268665,-0.00041807,0.00004035,0.00008652,-0.00007446,-0.16862781,0.20206407,0.00046241,-0.00004463,-0.00009570,0.32170054,-0.53137298,0.09615263
14.16000000,-0.49997207,-0.70364409,1.11458108,-0.10036605,-0.39998900,-0.14988877,0.00006580,0.14901742,-0.17856525,-0.00040864,0.00003944,0.00008457,-0.00007739,-0.17526432,0.21001650,0.00048061,-0.00004639,-0.00009946,0.32231501,-0.53170787,0.09671140
14.18000000,-0.49997077,-0.70069922,1.11105229,-0.10037413,-0.39998822,-0.14988710,0.00006422,0.14544827,-0.17428840,-0.00039885,0.00003850,0.00008254,-0.00008019,-0.18159918,0.21760746,0.00049798,-0.00004806,-0.00010306,0.32291323,-0.53203389,0.09725896
14.20000000,-0.49996950,-0.69782698,1.10761053,-0.10038200,-0.39998746,-0.14988547,0.00006259,0.14175557,-0.16986348,-0.00038872,0.00003752,0.00008045,-0.00008284,-0.18761766,0.22481931,0.00051449,-0.00004966,-0.00010648,0.32349482,-0.53235085,0.09779469
14.22000000,-0.49996826,-0.69502978,1.10425869,-0.10038967,-0.39998672,-0.14988389,0.00006091,0.13794577,-0.16529827,-0.00037828,0.00003651,0.00007829,-0.00008536,-0.19330505,0.23163442,0.00053008,-0.00005116,-0.00010970,0.32405943,-0.53265855,0.09831802
14.24000000,-0.49996706,-0.69230989,1.10099949,-0.10039713,-0.39998600,-0.14988234,0.00005918,0.13402567,-0.16060087,-0.00036753,0.00003547,0.00007606,-0.00008771,-0.19864664,0.23803516,0.00054473,-0.00005258,-0.00011273,0.32460674,-0.53295681,0.09882839
14.26000000,-0.49996590,-0.68966944,1.09783548,-0.10040437,-0.39998530,-0.14988084,0.00005740,0.13000231,-0.15577974,-0.00035649,0.00003441,0.00007378,-0.00008991,-0.20362770,0.24400390,0.00055839,-0.00005389,-0.00011556,0.32513646,-0.53324549,0.09932526
14.28000000,-0.49996477,-0.68711044,1.09476906,-0.10041139,-0.39998462,-0.14987939,0.00005558,0.12588306,-0.15084371,-0.00034520,0.00003332,0.00007144,-0.00009195,-0.20823353,0.24952299,0.00057102,-0.00005511,-0.00011818,0.32564834,-0.53352444,0.09980813
14.30000000,-0.49996367,-0.68463471,1.09180244,-0.10041818,-0.39998397,-0.14987799,0.00005373,0.12167557,-0.14580194,-0.00033366,0.00003220,0.00006905,-0.00009381,-0.21244941,0.25457481,0.00058258,-0.00005623,-0.00012057,0.32614214,-0.53379354,0.10027652
14.32000000,-0.49996262,-0.68224395,1.08893763,-0.10042473,-0.39998334,-0.14987663,0.00005183,0.11738778,-0.14066395,-0.00032190,0.00003107,0.00006662,-0.00009549,-0.21626062,0.25914173,0.00059303,-0.00005724,-0.00012273,0.32661767,-0.53405267,0.10072998
14.34000000,-0.49996160,-0.67993968,1.08617645,-0.10043105,-0.39998273,-0.14987532,0.00004991,0.11302794,-0.13543962,-0.00030995,0.00002992,0.00006414,-0.00009699,-0.21965246,0.26320611,0.00060233,-0.00005814,-0.00012466,0.32707476,-0.53430176,0.10116811
14.36000000,-0.49996062,-0.67772325,1.08352055,-0.10043713,-0.39998214,-0.14987406,0.00004796,0.10860458,-0.13013917,-0.00029782,0.00002874,0.00006163,-0.00009830,-0.22261019,0.26675032,0.00061044,-0.00005892,-0.00012633,0.32751329,-0.53454072,0.10159051
14.38000000,-0.49995968,-0.67559586,1.08097132,-0.10044296,-0.39998158,-0.14987286,0.00004598,0.10412653,-0.12477319,-0.00028554,0.00002756,0.00005909,-0.00009940,-0.22511912,0.26975673,0.00061732,-0.00005958,-0.00012776,0.32793314,-0.53476951,0.10199685
14.40000000,-0.49995878,-0.67355850,1.07852999,-0.10044855,-0.39998104,-0.14987170,0.00004398,0.09960290,-0.11935261,-0.00027313,0.00002636,0.00005653,-0.00010031,-0.22716452,0.27220770,0.00062293,-0.00006012,-0.00012892,0.32833424,-0.53498808,0.10238683
14.42000000,-0.49995792,-0.67161198,1.07619751,-0.10045389,-0.39998052,-0.14987060,0.00004197,0.09504313,-0.11388870,-0.00026063,0.00002516,0.00005394,-0.00010100,-0.22873168,0.27408560,0.00062723,-0.00006054,-0.00012981,0.32871658,-0.53519642,0.10276017
14.44000000,-0.49995710,-0.66975695,1.07397465,-0.10045898,-0.39998003,-0.14986954,0.00003994,0.09045692,-0.10839312,-0.00024805,0.00002394,0.00005134,-0.00010147,-0.22980588,0.27537280,0.00063018,-0.00006082,-0.00013042,0.32908013,-0.53539452,0.10311665
14.46000000,-0.49995632,-0.66799382,1.07186192,-0.10046381,-0.39997956,-0.14986854,0.00003791,0.08585428,-0.10287785,-0.00023543,0.00002272,0.00004872,-0.00010172,-0.23037241,0.27605167,0.00063173,-0.00006097,-0.00013074,0.32942494,-0.53558241,0.10345609
14.48000000,-0.49995559,-0.66632282,1.06985958,-0.10046839,-0.39997912,-0.14986759,0.00003587,0.08124551,-0.09735523,-0.00022279,0.00002150,0.00004611,-0.00010174,-0.23041656,0.27610457,0.00063185,-0.00006098,-0.00013076,0.32975107,-0.53576012,0.10377834
14.50000000,-0.49995489,-0.66474397,1.06796767,-0.10047272,-0.39997870,-0.14986670,0.00003384,0.07664120,-0.09183795,-0.00021017,0.00002028,0.00004349,-0.00010152,-0.22992360,0.27551386,0.00063050,-0.00006085,-0.00013048,0.33005862,-0.53592770,0.10408332
14.52000000,-0.49995423,-0.66325707,1.06618594,-0.10047680,-0.39997831,-0.14986585,0.00003182,0.07205224,-0.08633908,-0.00019758,0.00001907,0.00004089,-0.00010106,-0.22887883,0.27426193,0.00062763,-0.00006058,-0.00012989,0.33034773,-0.53608523,0.10437098
14.54000000,-0.49995362,-0.66186170,1.06451390,-0.10048063,-0.39997794,-0.14986506,0.00002980,0.06748982,-0.08087200,-0.00018507,0.00001786,0.00003830,-0.00010035,-0.22726753,0.27233113,0.00062322,-0.00006015,-0.00012898,0.33061859,-0.53623282,0.10464131
14.56000000,-0.49995304,-0.66055722,1.06295076,-0.10048420,-0.39997760,-0.14986432,0.00002780,0.06296542,-0.07545048,-0.00017266,0.00001667,0.00003573,-0.00009938,-0.22507497,0.26970383,0.00061720,-0.00005957,-0.00012773,0.33087139,-0.53637056,0.10489438
14.58000000,-0.49995250,-0.65934275,1.06149548,-0.10048753,-0.39997727,-0.14986363,0.00002583,0.05849080,-0.07008861,-0.00016039,0.00001548,0.00003319,-0.00009815,-0.22228646,0.26636240,0.00060956,-0.00005883,-0.00012615,0.33110639,-0.53649861,0.10513028
14.60000000,-0.49995201,-0.65821718,1.06014672,-0.10049062,-0.39997698,-0.14986299,0.00002388,0.05407803,-0.06480086,-0.00014829,0.00001431,0.00003069,-0.00009665,-0.21888727,0.26228920,0.00060023,-0.00005793,-0.00012422,0.33132388,-0.53661712,0.10534916
14.62000000,-0.49995155,-0.65717914,1.05890285,-0.10049347,-0.39997670,-0.14986240,0.00002196,0.04973948,-0.05960204,-0.00013640,0.00001316,0.00002823,-0.00009487,-0.21486269,0.25746660,0.00058920,-0.00005687,-0.00012194,0.33152420,-0.53672627,0.10555123
14.64000000,-0.49995113,-0.65622702,1.05776195,-0.10049608,-0.39997645,-0.14986186,0.00002009,0.04548779,-0.05450731,-0.00012474,0.00001204,0.00002581,-0.00009281,-0.21019800,0.25187698,0.00057641,-0.00005563,-0.00011929,0.33170772,-0.53682626,0.10573676
14.66000000,-0.49995074,-0.65535896,1.05672176,-0.10049846,-0.39997622,-0.14986137,0.00001825,0.04133592,-0.04953219,-0.00011335,0.00001094,0.00002346,-0.00009047,-0.20487848,0.24550269,0.00056182,-0.00005423,-0.00011627,0.33187486,-0.53691733,0.10590606
14.68000000,-0.49995040,-0.65457283,1.05577975,-0.10050061,-0.39997601,-0.14986093,0.00001647,0.03729712,-0.04469255,-0.00010228,0.00000987,0.00002117,-0.00008782,-0.19888943,0.23832611,0.00054540,-0.00005264,-0.00011287,0.33202606,-0.53699971,0.10605950
14.70000000,-0.49995009,-0.65386623,1.05493305,-0.10050255,-0.39997582,-0.14986052,0.00001474,0.03338491,-0.04000461,-0.00009155,0.00000884,0.00001895,-0.00008487,-0.19221613,0.23032959,0.00052710,-0.00005087,-0.00010909,0.33216185,-0.53707370,0.10619752
14.72000000,-0.49994981,-0.65323650,1.05417845,-0.10050428,-0.39997566,-0.14986017,0.00001308,0.02961313,-0.03548495,-0.00008121,0.00000784,0.00001681,-0.00008162,-0.18484386,0.22149551,0.00050688,-0.00004892,-0.00010490,0.33228277,-0.53713958,0.10632061
14.74000000,-0.49994956,-0.65268068,1.05351242,-0.10050580,-0.39997551,-0.14985985,0.00001148,0.02599591,-0.03115049,-0.00007129,0.00000688,0.00001475,-0.00007805,-0.17675791,0.21180624,0.00048471,-0.00004678,-0.00010031,0.33238942,-0.53719769,0.10642931
14.76000000,-0.49994935,-0.65219553,1.05293108,-0.10050713,-0.39997538,-0.14985958,0.00000996,0.02254767,-0.02701852,-0.00006183,0.00000597,0.00001280,-0.00007416,-0.16794356,0.20124414,0.00046054,-0.00004445,-0.00009531,0.33248245,-0.53724838,0.10652424
14.78000000,-0.49994916,-0.65177754,1.05243021,-0.10050828,-0.39997527,-0.14985934,0.00000851,0.01928312,-0.02310666,-0.00005288,0.00000510,0.00001094,-0.00006994,-0.15838609,0.18979158,0.00043433,-0.00004192,-0.00008989,0.33256255,-0.53729203,0.10660606
14.80000000,-0.49994901,-0.65142288,1.05200522,-0.10050925,-0.39997518,-0.14985914,0.00000716,0.01621728,-0.01943291,-0.00004447,0.00000429,0.00000920,-0.00006538,-0.14807080,0.17743093,0.00040604,-0.00003919,-0.00008403,0.33263049,-0.53732904,0.10667551
14.82000000,-0.49994888,-0.65112743,1.05165118,-0.10051006,-0.39997510,-0.14985897,0.00000590,0.01336544,-0.01601560,-0.00003665,0.00000354,0.00000759,-0.00006049,-0.13698296,0.16414455,0.00037564,-0.00003626,-0.00007774,0.33268707,-0.53735987,0.10673339
14.84000000,-0.49994877,-0.65088674,1.05136277,-0.10051072,-0.39997504,-0.14985883,0.00000474,0.01074321,-0.01287342,-0.00002946,0.00000284,0.00000610,-0.00005524,-0.12510787,0.14991481,0.00034307,-0.00003311,-0.00007100,0.33273314,-0.53738497,0.10678055
14.86000000,-0.49994869,-0.65069606,1.05113428,-0.10051124,-0.39997499,-0.14985873,0.00000369,0.00836647,-0.01002541,-0.00002294,0.00000221,0.00000475,-0.00004964,-0.11243080,0.13472408,0.00030831,-0.00002976,-0.00006381,0.33276963,-0.53740485,0.10681792
14.88000000,-0.49994862,-0.65055033,1.05095966,-0.10051164,-0.39997495,-0.14985864,0.00000276,0.00625142,-0.00749098,-0.00001714,0.00000165,0.00000355,-0.00004369,-0.09893705,0.11855472,0.00027131,-0.00002619,-0.00005615,0.33279751,-0.53742004,0.10684649
14.90000000,-0.49994857,-0.65044415,1.05083242,-0.10051194,-0.39997492,-0.14985858,0.00000195,0.00441453,-0.00528987,-0.00001211,0.00000117,0.00000251,-0.00003736,-0.08461189,0.10138910,0.00023202,-0.00002239,-0.00004802,0.33281783,-0.53743111,0.10686730
14.92000000,-0.49994854,-0.65037178,1.05074571,-0.10051213,-0.39997490,-0.14985854,0.00000127,0.00287259,-0.00344217,-0.00000788,0.00000076,0.00000163,-0.00003066,-0.06944061,0.08320960,0.00019042,-0.00001838,-0.00003941,0.33283167,-0.53743865,0.10688149
14.94000000,-0.49994852,-0.65032717,1.05069224,-0.10051226,-0.39997489,-0.14985852,0.00000073,0.00164265,-0.00196836,-0.00000450,0.00000043,0.00000093,-0.00002358,-0.05340849,0.06399856,0.00014646,-0.00001414,-0.00003031,0.33284020,-0.53744330,0.10689024
14.96000000,-0.49994851,-0.65030388,1.05066434,-0.10051232,-0.39997488,-0.14985850,0.00000033,0.00074208,-0.00088923,-0.00000203,0.00000020,0.00000042,-0.00001612,-0.03650083,0.04373838,0.00010009,-0.00000966,-0.00002071,0.33284465,-0.53744573,0.10689480
14.98000000,-0.49994851,-0.65029517,1.05065390,-0.10051234,-0.39997488,-0.14985850,0.00000008,0.00018855,-0.00022594,-0.00000052,0.00000005,0.00000011,-0.00000826,-0.01870291,0.02241140,0.00005129,-0.00000495,-0.00001061,0.33284632,-0.53744664,0.10689651
15.00000000,-0.49994851,-0.65029391,1.05065239,-0.10051235,-0.39997488,-0.14985850,0.00000000,0.00000000,-0.00000000,-0.00000000,0.00000000,0.00000000,0.00000000,0.00000000,-0.00000000,-0.00000000,0.00000000,0.00000000,0.33284656,-0.53744677,0.10689676
15.02000000,-0.49994598,-0.65029340,1.05065214,-0.10051184,-0.39997513,-0.14985774,0.00037786,0.00007562,-0.00003787,0.00007562,-0.00003780,0.00011336,0.03748172,0.00750141,-0.00375674,0.00750060,-0.00374915,0.01124437,0.33284800,-0.53744596,0.10689699
15.04000000,-0.49992852,-0.65028991,1.05065039,-0.10050835,-0.39997688,-0.14985250,0.00148718,0.00029764,-0.00014906,0.00029760,-0.00014876,0.00044615,0.07314980,0.01463985,-0.00733170,0.01463827,-0.00731688,0.02194465,0.33285793,-0.53744036,0.10689857
15.06000000,-0.49988186,-0.65028057,1.05064571,-0.10049901,-0.39998155,-0.14983850,0.00329196,0.00065884,-0.00032995,0.00065877,-0.00032928,0.00098758,0.10703374,0.02142122,-0.01072784,0.02141891,-0.01070616,0.03210970,0.33288445,-0.53742542,0.10690280
15.08000000,-0.49979244,-0.65026267,1.05063675,-0.10048112,-0.39999049,-0.14981168,0.00575683,0.00115214,-0.00057700,0.00115202,-0.00057583,0.00172703,0.13916303,0.02785142,-0.01394811,0.02784842,-0.01391993,0.04174836,0.33293528,-0.53739677,0.10691090
15.10000000,-0.49964741,-0.65023365,1.05062221,-0.10045209,-0.40000500,-0.14976817,0.00884698,0.00177059,-0.00088672,0.00177040,-0.00088493,0.00265406,0.16956716,0.03393636,-0.01699547,0.03393270,-0.01696113,0.05086948,0.33301771,-0.53735029,0.10692404
15.12000000,-0.49943462,-0.65019106,1.05060088,-0.10040951,-0.40002628,-0.14970433,0.01252821,0.00250734,-0.00125568,0.00250707,-0.00125315,0.00375841,0.19827562,0.03968193,-0.01987288,0.03967765,-0.01983272,0.05948191,0.33313865,-0.53728207,0.10694333
15.14000000,-0.49914257,-0.65013261,1.05057161,-0.10035107,-0.40005549,-0.14961672,0.01676690,0.00335565,-0.00168052,0.00335528,-0.00167713,0.00503000,0.22531789,0.04509405,-0.02258329,0.04508918,-0.02253765,0.06759448,0.33330461,-0.53718840,0.10696979
15.16000000,-0.49876045,-0.65005613,1.05053331,-0.10027460,-0.40009372,-0.14950208,0.02153002,0.00430891,-0.00215792,0.00430845,-0.00215356,0.00645892,0.25072348,0.05017860,-0.02512965,0.05017318,-0.02507887,0.07521606,0.33352171,-0.53706576,0.10700442
15.18000000,-0.49827809,-0.64995960,1.05048497,-0.10017807,-0.40014196,-0.14935738,0.02678512,0.00536065,-0.00268463,0.00536007,-0.00267921,0.00803543,0.27452186,0.05494149,-0.02751493,0.05493556,-0.02745933,0.08235548,0.33379569,-0.53691082,0.10704814
15.20000000,-0.49768597,-0.64984109,1.05042562,-0.10005958,-0.40020119,-0.14917975,0.03250037,0.00650447,-0.00325747,0.00650377,-0.00325088,0.00974998,0.29674253,0.05938863,-0.02974208,0.05938222,-0.02968198,0.08902159,0.33413191,-0.53672043,0.10710181
15.22000000,-0.49697521,-0.64969885,1.05035438,-0.09991735,-0.40027229,-0.14896652,0.03864450,0.00773413,-0.00387328,0.00773329,-0.00386546,0.01159320,0.31741498,0.06352592,-0.03181405,0.06351905,-0.03174976,0.09522325,0.33453536,-0.53649162,0.10716624
15.24000000,-0.49613754,-0.64953120,1.05027042,-0.09974972,-0.40035608,-0.14871522,0.04518685,0.00904348,-0.00452901,0.00904250,-0.00451986,0.01355588,0.33656870,0.06735925,-0.03373380,0.06735197,-0.03366563,0.10096929,0.33501063,-0.53622155,0.10724217
15.26000000,-0.49516529,-0.64933662,1.05017297,-0.09955516,-0.40045333,-0.14842355,0.05209732,0.01042651,-0.00522164,0.01042538,-0.00521109,0.01562899,0.35423317,0.07089453,-0.03550428,0.07088688,-0.03543254,0.10626856,0.33556197,-0.53590756,0.10733032
15.28000000,-0.49405139,-0.64911369,1.05006133,-0.09933225,-0.40056474,-0.14808938,0.05934644,0.01187731,-0.00594821,0.01187603,-0.00593619,0.01780370,0.37043789,0.07413767,-0.03712846,0.07412966,-0.03705343,0.11112991,0.33619325,-0.53554711,0.10743132
15.30000000,-0.49278936,-0.64886111,1.04993484,-0.09907971,-0.40069098,-0.14771078,0.06690530,0.01339011,-0.00670582,0.01338866,-0.00669227,0.02007133,0.38521236,0.07709456,-0.03860928,0.07708623,-0.03853126,0.11556219,0.33690799,-0.53513783,0.10754577
15.32000000,-0.49137330,-0.64857771,1.04979291,-0.09879633,-0.40083262,-0.14728597,0.07474560,0.01495923,-0.00749164,0.01495761,-0.00747651,0.02242339,0.39858604,0.07977111,-0.03994971,0.07976249,-0.03986898,0.11957425,0.33770935,-0.53467744,0.10767421
15.34000000,-0.48979785,-0.64826240,1.04963500,-0.09848106,-0.40099021,-0.14681334,0.08283960,0.01657912,-0.00830289,0.01657733,-0.00828612,0.02485156,0.41058845,0.08217321,-0.04115269,0.08216433,-0.04106953,0.12317492,0.33860013,-0.53416380,0.10781713
15.36000000,-0.48805821,-0.64791424,1.04946064,-0.09813294,-0.40116422,-0.14629145,0.09116019,0.01824436,-0.00913685,0.01824239,-0.00911839,0.02734770,0.42124906,0.08430677,-0.04222119,0.08429767,-0.04213587,0.12637306,0.33958280,-0.53359489,0.10797498
15.38000000,-0.48615011,-0.64753236,1.04926940,-0.09775110,-0.40135508,-0.14571903,0.09968082,0.01994964,-0.00999086,0.01994749,-0.00997068,0.02990385,0.43059737,0.08617770,-0.04315816,0.08616839,-0.04307094,0.12917752,0.34065946,-0.53296878,0.10814815
15.40000000,-0.48406981,-0.64711602,1.04906089,-0.09733480,-0.40156316,-0.14509495,0.10837553,0.02168976,-0.01086232,0.02168742,-0.01084037,0.03251223,0.43866287,0.08779189,-0.04396655,0.08778241,-0.04387770,0.13159714,0.34183192,-0.53228366,0.10833699
15.42000000,-0.48181410,-0.64666457,1.04883480,-0.09688340,-0.40178879,-0.14441824,0.11721898,0.02345965,-0.01174869,0.02345711,-0.01172495,0.03516523,0.44547505,0.08915525,-0.04464932,0.08914562,-0.04455910,0.13364077,0.34310161,-0.53153781,0.10854181
15.44000000,-0.47938023,-0.64617747,1.04859086,-0.09639635,-0.40203224,-0.14368809,0.12618638,0.02525434,-0.01264748,0.02525161,-0.01262192,0.03785542,0.45106339,0.09027367,-0.04520944,0.09026392,-0.04511808,0.13531725,0.34446966,-0.53072963,0.10876287
15.46000000,-0.47676598,-0.64565427,1.04832884,-0.09587321,-0.40229374,-0.14290383,0.13525355,0.02706900,-0.01355627,0.02706607,-0.01352888,0.04057553,0.45545740,0.09115307,-0.04564984,0.09114322,-0.04555759,0.13663543,0.34593688,-0.52985757,0.10900038
15.48000000,-0.47396958,-0.64509461,1.04804856,-0.09531361,-0.40257345,-0.14206492,0.14439691,0.02889891,-0.01447269,0.02889578,-0.01444345,0.04331850,0.45868654,0.09179933,-0.04597349,0.09178942,-0.04588059,0.13760416,0.34750377,-0.52892021,0.10925452
15.50000000,-0.47098974,-0.64449824,1.04774990,-0.09471730,-0.40287151,-0.14117098,0.15359344,0.03073946,-0.01539445,0.03073614,-0.01536334,0.04607743,0.46078033,0.09221837,-0.04618335,0.09220841,-0.04609003,0.13823229,0.34917051,-0.52791619,0.10952542
15.52000000,-0.46782564,-0.64386499,1.04743276,-0.09408412,-0.40318800,-0.14022176,0.16282075,0.03258617,-0.01631929,0.03258265,-0.01628631,0.04884558,0.46176824,0.09241609,-0.04628237,0.09240611,-0.04618884,0.13852866,0.35093699,-0.52684427,0.10981318
15.54000000,-0.46447686,-0.64319478,1.04709712,-0.09341399,-0.40352297,-0.13921714,0.17205700,0.03443467,-0.01724503,0.03443095,-0.01721018,0.05161642,0.46167977,0.09239838,-0.04627350,0.09238840,-0.04617999,0.13850212,0.35280282,-0.52570326,0.11011785
15.56000000,-0.46094344,-0.64248762,1.04674297,-0.09270690,-0.40387640,-0.13815713,0.18128096,0.03628070,-0.01816953,0.03627679,-0.01813281,0.05438358,0.46054441,0.09217116,-0.04615970,0.09216120,-0.04606643,0.13816151,0.35476731,-0.52449210,0.11043945
15.58000000,-0.45722584,-0.64174360,1.04637036,-0.09196296,-0.40424826,-0.13704186,0.19047199,0.03812015,-0.01909073,0.03811604,-0.01905216,0.05714085,0.45839164,0.09174031,-0.04594394,0.09173040,-0.04585109,0.13751569,0.35682950,-0.52320978,0.11077795
15.60000000,-0.45332491,-0.64096288,1.04597937,-0.09118233,-0.40463845,-0.13587160,0.19961004,0.03994900,-0.02000663,0.03994468,-0.01996620,0.05988223,0.45525097,0.09111175,-0.04562915,0.09110191,-0.04553695,0.13657350,0.35898816,-0.52185540,0.11113331
15.62000000,-0.44924192,-0.64014573,1.04557014,-0.09036527,-0.40504686,-0.13464672,0.20867564,0.04176335,-0.02091526,0.04175883,-0.02087300,0.06260187,0.45115186,0.09029138,-0.04521830,0.09028162,-0.04512693,0.13534379,0.36124180,-0.52042815,0.11150542
15.64000000,-0.44497849,-0.63929247,1.04514282,-0.08951210,-0.40547331,-0.13336771,0.21764992,0.04355941,-0.02181474,0.04355471,-0.02177066,0.06529412,0.44612383,0.08928509,-0.04471435,0.08927545,-0.04462399,0.13383540,0.36358869,-0.51892732,0.11189416
15.66000000,-0.44053665,-0.63840350,1.04469763,-0.08862323,-0.40591761,-0.13203517,0.22651460,0.04533355,-0.02270323,0.04532865,-0.02265736,0.06795349,0.44019635,0.08809879,-0.04412025,0.08808928,-0.04403109,0.13205718,0.36602686,-0.51735230,0.11229938
15.68000000,-0.43591876,-0.63747930,1.04423478,-0.08769912,-0.40637952,-0.13064982,0.23525197,0.04708221,-0.02357897,0.04707712,-0.02353132,0.07057467,0.43339892,0.08673839,-0.04343895,0.08672902,-0.04335117,0.13001797,0.36855408,-0.51570256,0.11272088
15.70000000,-0.43112754,-0.63652041,1.04375456,-0.08674033,-0.40685877,-0.12921248,0.24384495,0.04880196,-0.02444023,0.04879669,-0.02439084,0.07315253,0.42576102,0.08520978,-0.04267342,0.08520057,-0.04258718,0.12772664,0.37116794,-0.51397769,0.11315844
15.72000000,-0.42616603,-0.63552744,1.04325728,-0.08574747,-0.40735505,-0.12772404,0.25227701,0.05048952,-0.02528536,0.05048406,-0.02523427,0.07568211,0.41731216,0.08351886,-0.04182660,0.08350984,-0.04174208,0.12519201,0.37386580,-0.51217740,0.11361180
15.74000000,-0.42103763,-0.63450106,1.04274327,-0.08472121,-0.40786802,-0.12618554,0.26053223,0.05214167,-0.02611277,0.05213604,-0.02606000,0.07815864,0.40808180,0.08167154,-0.04090145,0.08166272,-0.04081880,0.12242294,0.37664480,-0.51030149,0.11408068
15.76000000,-0.41574603,-0.63344203,1.04221290,-0.08366229,-0.40839732,-0.12459808,0.26859527,0.05375537,-0.02692092,0.05374957,-0.02686652,0.08057753,0.39809946,0.07967372,-0.03990094,0.07966512,-0.03982031,0.11942827,0.37950192,-0.50834989,0.11456477
15.78000000,-0.41029520,-0.63235112,1.04166657,-0.08257150,-0.40894254,-0.12296286,0.27645139,0.05532766,-0.02770833,0.05532168,-0.02765233,0.08293433,0.38739461,0.07753131,-0.03882800,0.07752293,-0.03874954,0.11621686,0.38243395,-0.50632266,0.11506374
15.80000000,-0.40468945,-0.63122921,1.04110471,-0.08144971,-0.40950327,-0.12128115,0.28408643,0.05685570,-0.02847357,0.05684956,-0.02841604,0.08522481,0.37599675,0.07525019,-0.03768561,0.07524206,-0.03760946,0.11279755,0.38543751,-0.50421997,0.11557720
15.82000000,-0.39893331,-0.63007721,1.04052778,-0.08029783,-0.41007903,-0.11955433,0.29148683,0.05833678,-0.02921531,0.05833048,-0.02915627,0.08744491,0.36393536,0.07283628,-0.03647672,0.07282842,-0.03640301,0.10917918,0.38850906,-0.50204212,0.11610479
15.84000000,-0.39303162,-0.62889607,1.03993626,-0.07911682,-0.41066935,-0.11778385,0.29863962,0.05976831,-0.02993222,0.05976185,-0.02987173,0.08959071,0.35123994,0.07029548,-0.03520427,0.07028789,-0.03513314,0.10537060,0.39164493,-0.49978957,0.11664606
15.86000000,-0.38698946,-0.62768682,1.03933067,-0.07790771,-0.41127372,-0.11597123,0.30553240,0.06114779,-0.03062307,0.06114119,-0.03056119,0.09165852,0.33793998,0.06763369,-0.03387124,0.06762639,-0.03380279,0.10138067,0.39484131,-0.49746288,0.11720060
15.88000000,-0.38081214,-0.62645052,1.03871152,-0.07667154,-0.41189162,-0.11411805,0.31215339,0.06247289,-0.03128668,0.06246614,-0.03122346,0.09364479,0.32406496,0.06485681,-0.03248057,0.06484981,-0.03241493,0.09721822,0.39809425,-0.49506279,0.11776793
15.90000000,-0.37450521,-0.62518829,1.03807939,-0.07540944,-0.41252247,-0.11222600,0.31849136,0.06374134,-0.03192193,0.06373445,-0.03185743,0.09554616,0.30964438,0.06197075,-0.03103521,0.06196405,-0.03097250,0.09289210,0.40139972,-0.49259016,0.11834756
15.92000000,-0.36807444,-0.62390126,1.03743484,-0.07412255,-0.41316572,-0.11029679,0.32453572,0.06495103,-0.03252775,0.06494401,-0.03246202,0.09735944,0.29470773,0.05898140,-0.02953813,0.05897502,-0.02947844,0.08841116,0.40475359,-0.49004601,0.11893900
15.94000000,-0.36152581,-0.62259065,1.03677848,-0.07281208,-0.41382075,-0.10833223,0.33027643,0.06609995,-0.03310313,0.06609281,-0.03303624,0.09908163,0.27928449,0.05589466,-0.02799228,0.05588862,-0.02793572,0.08378425,0.40815162,-0.48743152,0.11954171
15.96000000,-0.35486547,-0.62125768,1.03611093,-0.07147926,-0.41448696,-0.10633416,0.33570405,0.06718620,-0.03364713,0.06717895,-0.03357914,0.10070990,0.26340415,0.05271645,-0.02640062,0.05271075,-0.02634727,0.07902021,0.41158953,-0.48474802,0.12015515
15.98000000,-0.34809979,-0.61990363,1.03543281,-0.07012535,-0.41516370,-0.10430448,0.34080974,0.06820803,-0.03415887,0.06820066,-0.03408984,0.10224158,0.24709622,0.04945266,-0.02476610,0.04944731,-0.02471605,0.07412789,0.41506297,-0.48199700,0.12077875
16.00000000,-0.34123528,-0.61852980,1.03474479,-0.06875167,-0.41585033,-0.10224515,0.34558525,0.06916378,-0.03463751,0.06915631,-0.03456752,0.10367422,0.23039016,0.04610919,-0.02309167,0.04610421,-0.02304501,0.06911614,0.41856753,-0.47918010,0.12141193
16.02000000,-0.33427863,-0.61713753,1.03404754,-0.06735955,-0.41654618,-0.10015819,0.35002289,0.07005191,-0.03508229,0.07004434,-0.03501140,0.10500549,0.21331549,0.04269194,-0.02138030,0.04268733,-0.02133710,0.06399381,0.42209880,-0.47629913,0.12205410
16.04000000,-0.32723667,-0.61572819,1.03334173,-0.06595036,-0.41725056,-0.09804562,0.35411561,0.07087101,-0.03549250,0.07086335,-0.03542078,0.10623329,0.19590168,0.03920683,-0.01963494,0.03920259,-0.01959527,0.05876973,0.42565230,-0.47335608,0.12270464
16.06000000,-0.32011635,-0.61430316,1.03262807,-0.06452549,-0.41796278,-0.09590956,0.35785690,0.07161977,-0.03586748,0.07161203,-0.03579500,0.10735566,0.17817822,0.03565974,-0.01785855,0.03565589,-0.01782246,0.05345277,0.42922359,-0.47035306,0.12336293
16.08000000,-0.31292477,-0.61286387,1.03190727,-0.06308635,-0.41868212,-0.09375211,0.36124087,0.07229702,-0.03620665,0.07228921,-0.03613349,0.10837084,0.16017462,0.03205658,-0.01605407,0.03205312,-0.01602163,0.04805176,0.43280821,-0.46729239,0.12402831
16.10000000,-0.30566913,-0.61141176,1.03118005,-0.06163440,-0.41940787,-0.09157545,0.36426221,0.07290170,-0.03650948,0.07289382,-0.03643570,0.10927723,0.14192034,0.02840326,-0.01422447,0.02840019,-0.01419573,0.04257555,0.43640171,-0.46417651,0.12470015
16.12000000,-0.29835673,-0.60994829,1.03044714,-0.06017109,-0.42013930,-0.08938176,0.36691621,0.07343286,-0.03677548,0.07342492,-0.03670117,0.11007342,0.12344489,0.02470567,-0.01237270,0.02470300,-0.01234770,0.03703298,0.43999966,-0.46100805,0.12537777
16.14000000,-0.29099496,-0.60847494,1.02970928,-0.05869790,-0.42087567,-0.08717325,0.36919873,0.07388967,-0.03700426,0.07388169,-0.03692948,0.11075817,0.10477776,0.02096972,-0.01050172,0.02096745,-0.01048050,0.03143292,0.44359771,-0.45778977,0.12606049
16.16000000,-0.28359129,-0.60699321,1.02896722,-0.05721632,-0.42161623,-0.08495218,0.37110624,0.07427143,-0.03719544,0.07426340,-0.03712028,0.11133041,0.08594843,0.01720131,-0.00861449,0.01719945,-0.00859708,0.02578419,0.44719151,-0.45452460,0.12674765
16.18000000,-0.27615323,-0.60550459,1.02822171,-0.05572787,-0.42236023,-0.08272079,0.37263578,0.07457754,-0.03734875,0.07456949,-0.03727328,0.11178927,0.06698640,0.01340634,-0.00671395,0.01340489,-0.00670038,0.02009566,0.45077679,-0.45121562,0.12743853
16.20000000,-0.26868839,-0.60401061,1.02747352,-0.05423405,-0.42310691,-0.08048137,0.37378500,0.07480754,-0.03746393,0.07479946,-0.03738823,0.11213403,0.04792115,0.00959071,-0.00480307,0.00958967,-0.00479336,0.01437616,0.45434937,-0.44786605,0.12813245
16.22000000,-0.26120438,-0.60251280,1.02672341,-0.05273640,-0.42385551,-0.07823620,0.37455213,0.07496107,-0.03754082,0.07495298,-0.03746496,0.11236417,0.02878218,0.00576033,-0.00288480,0.00575971,-0.00287897,0.00863454,0.45790511,-0.44447926,0.12882870
16.24000000,-0.25370886,-0.60101268,1.02597214,-0.05123644,-0.42460525,-0.07598757,0.37493600,0.07503790,-0.03757930,0.07502979,-0.03750336,0.11247933,0.00959898,0.00192109,-0.00096209,0.00192089,-0.00096015,0.00287966,0.46143998,-0.44105874,0.12952656
16.26000000,-0.24620950,-0.59951180,1.02522049,-0.04973572,-0.42535538,-0.07373779,0.37493600,0.07503790,-0.03757930,0.07502979,-0.03750336,0.11247933,-0.00959898,-0.00192109,0.00096209,-0.00192089,0.00096015,-0.00287966,0.46495007,-0.43760812,0.13022533
16.28000000,-0.23871398,-0.59801168,1.02446923,-0.04823577,-0.42610513,-0.07148916,0.37455213,0.07496107,-0.03754082,0.07495298,-0.03746496,0.11236417,-0.02878218,-0.00576033,0.00288480,-0.00575971,0.00287897,-0.00863454,0.46843154,-0.43413114,0.13092428
16.30000000,-0.23122997,-0.59651386,1.02371912,-0.04673811,-0.42685373,-0.06924399,0.37378500,0.07480754,-0.03746393,0.07479946,-0.03738823,0.11213403,-0.04792115,-0.00959071,0.00480307,-0.00958967,0.00479336,-0.01437616,0.47188068,-0.43063166,0.13162269
16.32000000,-0.22376513,-0.59501989,1.02297093,-0.04524430,-0.42760041,-0.06700457,0.37263578,0.07457754,-0.03734875,0.07456949,-0.03727328,0.11178927,-0.06698640,-0.01340634,0.00671395,-0.01340489,0.00670038,-0.02009566,0.47529392,-0.42711365,0.13231985
16.34000000,-0.21632707,-0.59353127,1.02222542,-0.04375584,-0.42834440,-0.06477318,0.37110624,0.07427143,-0.03719544,0.07426340,-0.03712028,0.11133041,-0.08594843,-0.01720131,0.00861449,-0.01719945,0.00859708,-0.02578419,0.47866778,-0.42358118,0.13301504
16.36000000,-0.20892340,-0.59204953,1.02148336,-0.04227426,-0.42908497,-0.06255211,0.36919873,0.07388967,-0.03700426,0.07388169,-0.03692948,0.11075817,-0.10477776,-0.02096972,0.01050172,-0.02096745,0.01048050,-0.03143292,0.48199896,-0.42003839,0.13370754
16.38000000,-0.20156163,-0.59057618,1.02074550,-0.04080107,-0.42982133,-0.06034360,0.36691621,0.07343286,-0.03677548,0.07342492,-0.03670117,0.11007342,-0.12344489,-0.02470567,0.01237270,-0.02470300,0.01234770,-0.03703298,0.48528426,-0.41648950,0.13439663
16.40000000,-0.19424923,-0.58911271,1.02001259,-0.03933776,-0.43055276,-0.05814991,0.36426221,0.07290170,-0.03650948,0.07289382,-0.03643570,0.10927723,-0.14192034,-0.02840326,0.01422447,-0.02840019,0.01419573,-0.04257555,0.48852066,-0.41293882,0.13508161
16.42000000,-0.18699359,-0.58766061,1.01928537,-0.03788581,-0.43127852,-0.05597325,0.36124087,0.07229702,-0.03620665,0.07228921,-0.03613349,0.10837084,-0.16017462,-0.03205658,0.01605407,-0.03205312,0.01602163,-0.04805176,0.49170526,-0.40939070,0.13576176
16.44000000,-0.17980201,-0.58622132,1.01856457,-0.03644668,-0.43199786,-0.05381580,0.35785690,0.07161977,-0.03586748,0.07161203,-0.03579500,0.10735566,-0.17817822,-0.03565974,0.01785855,-0.03565589,0.01782246,-0.05345277,0.49483534,-0.40584953,0.13643640
16.46000000,-0.17268169,-0.58479629,1.01785091,-0.03502181,-0.43271008,-0.05167974,0.35411561,0.07087101,-0.03549250,0.07086335,-0.03542078,0.10623329,-0.19590168,-0.03920683,0.01963494,-0.03920259,0.01959527,-0.05876973,0.49790831,-0.40231974,0.13710483
16.48000000,-0.16563973,-0.58338695,1.01714510,-0.03361261,-0.43341446,-0.04956718,0.35002289,0.07005191,-0.03508229,0.07004434,-0.03501140,0.10500549,-0.21331549,-0.04269194,0.02138030,-0.04268733,0.02133710,-0.06399381,0.50092175,-0.39880578,0.13776637
16.50000000,-0.15868308,-0.58199467,1.01644785,-0.03222049,-0.43411030,-0.04748021,0.34558525,0.06916378,-0.03463751,0.06915631,-0.03456752,0.10367422,-0.23039016,-0.04610919,0.02309167,-0.04610421,0.02304501,-0.06911614,0.50387341,-0.39531212,0.13842034
16.52000000,-0.15181857,-0.58062085,1.01575983,-0.03084681,-0.43479693,-0.04542088,0.34080974,0.06820803,-0.03415887,0.06820066,-0.03408984,0.10224158,-0.24709622,-0.04945266,0.02476610,-0.04944731,0.02471605,-0.07412789,0.50676119,-0.39184322,0.13906609
16.54000000,-0.14505289,-0.57926679,1.01508171,-0.02949291,-0.43547368,-0.04339120,0.33570405,0.06718620,-0.03364713,0.06717895,-0.03357914,0.10070990,-0.26340415,-0.05271645,0.02640062,-0.05271075,0.02634727,-0.07902021,0.50958314,-0.38840352,0.13970297
16.56000000,-0.13839255,-0.57793383,1.01441416,-0.02816008,-0.43613989,-0.04139313,0.33027643,0.06609995,-0.03310313,0.06609281,-0.03303624,0.09908163,-0.27928449,-0.05589466,0.02799228,-0.05588862,0.02793572,-0.08378425,0.51233750,-0.38499744,0.14033034
16.58000000,-0.13184392,-0.57662321,1.01375780,-0.02684961,-0.43679492,-0.03942857,0.32453572,0.06495103,-0.03252775,0.06494401,-0.03246202,0.09735944,-0.29470773,-0.05898140,0.02953813,-0.05897502,0.02947844,-0.08841116,0.51502263,-0.38162936,0.14094758
16.60000000,-0.12541315,-0.57533619,1.01311325,-0.02556273,-0.43743816,-0.03749936,0.31849136,0.06374134,-0.03192193,0.06373445,-0.03185743,0.09554616,-0.30964438,-0.06197075,0.03103521,-0.06196405,0.03097250,-0.09289210,0.51763709,-0.37830361,0.14155410
16.62000000,-0.11910622,-0.57407395,1.01248112,-0.02430063,-0.43806902,-0.03560731,0.31215339,0.06247289,-0.03128668,0.06246614,-0.03122346,0.09364479,-0.32406496,-0.06485681,0.03248057,-0.06484981,0.03241493,-0.09721822,0.52017956,-0.37502444,0.14214930
16.64000000,-0.11292890,-0.57283765,1.01186197,-0.02306446,-0.43868691,-0.03375413,0.30553240,0.06114779,-0.03062307,0.06114119,-0.03056119,0.09165852,-0.33793998,-0.06763369,0.03387124,-0.06762639,0.03380279,-0.10138067,0.52264891,-0.37179604,0.14273261
16.66000000,-0.10688674,-0.57162840,1.01125637,-0.02185534,-0.43929129,-0.03194151,0.29863962,0.05976831,-0.02993222,0.05976185,-0.02987173,0.08959071,-0.35123994,-0.07029548,0.03520427,-0.07028789,0.03513314,-0.10537060,0.52504414,-0.36862250,0.14330350
16.68000000,-0.10098505,-0.57044727,1.01066486,-0.02067433,-0.43988161,-0.03017103,0.29148683,0.05833678,-0.02921531,0.05833048,-0.02915627,0.08744491,-0.36393536,-0.07283628,0.03647672,-0.07282842,0.03640301,-0.10917918,0.52736439,-0.36550779,0.14386143
16.70000000,-0.09522892,-0.56929526,1.01008793,-0.01952245,-0.44045737,-0.02844421,0.28408643,0.05685570,-0.02847357,0.05684956,-0.02841604,0.08522481,-0.37599675,-0.07525019,0.03768561,-0.07524206,0.03760946,-0.11279755,0.52960897,-0.36245580,0.14440590
16.72000000,-0.08962316,-0.56817335,1.00952607,-0.01840066,-0.44101809,-0.02676250,0.27645139,0.05532766,-0.02770833,0.05532168,-0.02765233,0.08293433,-0.38739461,-0.07753131,0.03882800,-0.07752293,0.03874954,-0.11621686,0.53177732,-0.35947026,0.14493643
16.74000000,-0.08417233,-0.56708245,1.00897974,-0.01730988,-0.44156332,-0.02512728,0.26859527,0.05375537,-0.02692092,0.05374957,-0.02686652,0.08057753,-0.39809946,-0.07967372,0.03990094,-0.07966512,0.03982031,-0.11942827,0.53386901,-0.35655477,0.14545257
16.76000000,-0.07888073,-0.56602341,1.00844937,-0.01625096,-0.44209262,-0.02353982,0.26053223,0.05214167,-0.02611277,0.05213604,-0.02606000,0.07815864,-0.40808180,-0.08167154,0.04090145,-0.08166272,0.04081880,-0.12242294,0.53588376,-0.35371277,0.14595388
16.78000000,-0.07375233,-0.56499704,1.00793536,-0.01522469,-0.44260559,-0.02200132,0.25227701,0.05048952,-0.02528536,0.05048406,-0.02523427,0.07568211,-0.41731216,-0.08351886,0.04182660,-0.08350984,0.04174208,-0.12519201,0.53782142,-0.35094755,0.14643997
16.80000000,-0.06879082,-0.56400407,1.00743808,-0.01423183,-0.44310187,-0.02051289,0.24384495,0.04880196,-0.02444023,0.04879669,-0.02439084,0.07315253,-0.42576102,-0.08520978,0.04267342,-0.08520057,0.04258718,-0.12772664,0.53968195,-0.34826220,0.14691046
16.82000000,-0.06399960,-0.56304518,1.00695786,-0.01327304,-0.44358112,-0.01907554,0.23525197,0.04708221,-0.02357897,0.04707712,-0.02353132,0.07057467,-0.43339892,-0.08673839,0.04343895,-0.08672902,0.04335117,-0.13001797,0.54146544,-0.34565963,0.14736500
16.84000000,-0.05938171,-0.56212097,1.00649501,-0.01234894,-0.44404303,-0.01769019,0.22651460,0.04533355,-0.02270323,0.04532865,-0.02265736,0.06795349,-0.44019635,-0.08809879,0.04412025,-0.08808928,0.04403109,-0.13205718,0.54317212,-0.34314257,0.14780330
16.86000000,-0.05493987,-0.56123200,1.00604981,-0.01146007,-0.44448733,-0.01635765,0.21764992,0.04355941,-0.02181474,0.04355471,-0.02177066,0.06529412,-0.44612383,-0.08928509,0.04471435,-0.08927545,0.04462399,-0.13383540,0.54480229,-0.34071351,0.14822506
16.88000000,-0.05067644,-0.56037874,1.00562250,-0.01060690,-0.44491378,-0.01507864,0.20867564,0.04176335,-0.02091526,0.04175883,-0.02087300,0.06260187,-0.45115186,-0.09029138,0.04521830,-0.09028162,0.04512693,-0.13534379,0.54635641,-0.33837473,0.14863004
16.90000000,-0.04659345,-0.55956159,1.00521326,-0.00978983,-0.44532218,-0.01385376,0.19961004,0.03994900,-0.02000663,0.03994468,-0.01996620,0.05988223,-0.45525097,-0.09111175,0.04562915,-0.09110191,0.04553695,-0.13657350,0.54783501,-0.33612827,0.14901803
16.92000000,-0.04269252,-0.55878088,1.00482228,-0.00900921,-0.44571238,-0.01268350,0.19047199,0.03812015,-0.01909073,0.03811604,-0.01905216,0.05714085,-0.45839164,-0.09174031,0.04594394,-0.09173040,0.04585109,-0.13751569,0.54923874,-0.33397596,0.14938885
16.94000000,-0.03897492,-0.55803686,1.00444967,-0.00826526,-0.44608424,-0.01156823,0.18128096,0.03628070,-0.01816953,0.03627679,-0.01813281,0.05438358,-0.46054441,-0.09217116,0.04615970,-0.09216120,0.04606643,-0.13816151,0.55056836,-0.33191934,0.14974238
16.96000000,-0.03544151,-0.55732970,1.00409552,-0.00755818,-0.44643767,-0.01050822,0.17205700,0.03443467,-0.01724503,0.03443095,-0.01721018,0.05161642,-0.46167977,-0.09239838,0.04627350,-0.09238840,0.04617999,-0.13850212,0.55182472,-0.32995970,0.15007849
16.98000000,-0.03209273,-0.55665949,1.00375988,-0.00688804,-0.44677263,-0.00950360,0.16282075,0.03258617,-0.01631929,0.03258265,-0.01628631,0.04884558,-0.46176824,-0.09241609,0.04628237,-0.09240611,0.04618884,-0.13852866,0.55300876,-0.32809808,0.15039714
17.00000000,-0.02892862,-0.55602624,1.00344274,-0.00625486,-0.44708913,-0.00855438,0.15359344,0.03073946,-0.01539445,0.03073614,-0.01536334,0.04607743,-0.46078033,-0.09221837,0.04618335,-0.09220841,0.04609003,-0.13823229,0.55412153,-0.32633521,0.15069831
17.02000000,-0.02594878,-0.55542987,1.00314408,-0.00565856,-0.44738719,-0.00766044,0.14439691,0.02889891,-0.01447269,0.02889578,-0.01444345,0.04331850,-0.45868654,-0.09179933,0.04597349,-0.09178942,0.04588059,-0.13760416,0.55516418,-0.32467157,0.15098202
17.04000000,-0.02315239,-0.55487021,1.00286380,-0.00509896,-0.44766690,-0.00682153,0.13525355,0.02706900,-0.01355627,0.02706607,-0.01352888,0.04057553,-0.45545740,-0.09115307,0.04564984,-0.09114322,0.04555759,-0.13663543,0.55613794,-0.32310731,0.15124833
17.06000000,-0.02053813,-0.55434701,1.00260178,-0.00457581,-0.44792839,-0.00603727,0.12618638,0.02525434,-0.01264748,0.02525161,-0.01262192,0.03785542,-0.45106339,-0.09027367,0.04520944,-0.09026392,0.04511808,-0.13531725,0.55704415,-0.32164230,0.15149736
17.08000000,-0.01810427,-0.55385990,1.00235783,-0.00408876,-0.44817184,-0.00530712,0.11721898,0.02345965,-0.01174869,0.02345711,-0.01172495,0.03516523,-0.44547505,-0.08915525,0.04464932,-0.08914562,0.04455910,-0.13364077,0.55788425,-0.32027610,0.15172926
17.10000000,-0.01584855,-0.55340845,1.00213175,-0.00363736,-0.44839748,-0.00463041,0.10837553,0.02168976,-0.01086232,0.02168742,-0.01084037,0.03251223,-0.43866287,-0.08779189,0.04396655,-0.08778241,0.04387770,-0.13159714,0.55865975,-0.31900794,0.15194423
17.12000000,-0.01376825,-0.55299211,1.00192324,-0.00322107,-0.44860556,-0.00400633,0.09968082,0.01994964,-0.00999086,0.01994749,-0.00997068,0.02990385,-0.43059737,-0.08617770,0.04315816,-0.08616839,0.04307094,-0.12917752,0.55937230,-0.31783674,0.15214251
17.14000000,-0.01186015,-0.55261024,1.00173200,-0.00283923,-0.44879642,-0.00343391,0.09116019,0.01824436,-0.00913685,0.01824239,-0.00911839,0.02734770,-0.42124906,-0.08430677,0.04222119,-0.08429767,0.04213587,-0.12637306,0.56002364,-0.31676109,0.15232442
17.16000000,-0.01012051,-0.55226207,1.00155763,-0.00249110,-0.44897043,-0.00291202,0.08283960,0.01657912,-0.00830289,0.01657733,-0.00828612,0.02485156,-0.41058845,-0.08217321,0.04115269,-0.08216433,0.04106953,-0.12317492,0.56061561,-0.31577924,0.15249030
17.18000000,-0.00854506,-0.55194677,1.00139973,-0.00217583,-0.44912801,-0.00243939,0.07474560,0.01495923,-0.00749164,0.01495761,-0.00747651,0.02242339,-0.39858604,-0.07977111,0.03994971,-0.07976249,0.03986898,-0.11957425,0.56115017,-0.31488910,0.15264054
17.20000000,-0.00712900,-0.55166337,1.00125780,-0.00189246,-0.44926966,-0.00201458,0.06690530,0.01339011,-0.00670582,0.01338866,-0.00669227,0.02007133,-0.38521236,-0.07709456,0.03860928,-0.07708623,0.03853126,-0.11556219,0.56162940,-0.31408825,0.15277560
17.22000000,-0.00586697,-0.55141079,1.00113131,-0.00163991,-0.44939589,-0.00163598,0.05934644,0.01187731,-0.00594821,0.01187603,-0.00593619,0.01780370,-0.37043789,-0.07413767,0.03712846,-0.07412966,0.03705343,-0.11112991,0.56205551,-0.31337391,0.15289598
17.24000000,-0.00475307,-0.55118786,1.00101966,-0.00141701,-0.44950731,-0.00130181,0.05209732,0.01042651,-0.00522164,0.01042538,-0.00521109,0.01562899,-0.35423317,-0.07089453,0.03550428,-0.07088688,0.03543254,-0.10626856,0.56243082,-0.31274293,0.15300224
17.26000000,-0.00378082,-0.55099328,1.00092222,-0.00122245,-0.44960456,-0.00101014,0.04518685,0.00904348,-0.00452901,0.00904250,-0.00451986,0.01355588,-0.33656870,-0.06735925,0.03373380,-0.06735197,0.03366563,-0.10096929,0.56275780,-0.31219182,0.15309500
17.28000000,-0.00294315,-0.55082563,1.00083826,-0.00105481,-0.44968835,-0.00075884,0.03864450,0.00773413,-0.00387328,0.00773329,-0.00386546,0.01159320,-0.31741498,-0.06352592,0.03181405,-0.06351905,0.03174976,-0.09522325,0.56303908,-0.31171672,0.15317493
17.30000000,-0.00223239,-0.55068338,1.00076702,-0.00091258,-0.44975945,-0.00054562,0.03250037,0.00650447,-0.00325747,0.00650377,-0.00325088,0.00974998,-0.29674253,-0.05938863,0.02974208,-0.05938222,0.02968198,-0.08902159,0.56327742,-0.31131340,0.15324275
17.32000000,-0.00164027,-0.55056488,1.00070767,-0.00079409,-0.44981867,-0.00036798,0.02678512,0.00536065,-0.00268463,0.00536007,-0.00267921,0.00803543,-0.27452186,-0.05494149,0.02751493,-0.05493556,0.02745933,-0.08235548,0.56347574,-0.31097727,0.15329926
17.34000000,-0.00115791,-0.55046834,1.00065933,-0.00069757,-0.44986692,-0.00022328,0.02153002,0.00430891,-0.00215792,0.00430845,-0.00215356,0.00645892,-0.25072348,-0.05017860,0.02512965,-0.05017318,0.02507887,-0.07521606,0.56363715,-0.31070335,0.15334529
17.36000000,-0.00077579,-0.55039187,1.00062103,-0.00062110,-0.44990514,-0.00010864,0.01676690,0.00335565,-0.00168052,0.00335528,-0.00167713,0.00503000,-0.22531789,-0.04509405,0.02258329,-0.04508918,0.02253765,-0.06759448,0.56376492,-0.31048629,0.15338176
17.38000000,-0.00048374,-0.55033342,1.00059175,-0.00056265,-0.44993436,-0.00002103,0.01252821,0.00250734,-0.00125568,0.00250707,-0.00125315,0.00375841,-0.19827562,-0.03968193,0.01987288,-0.03967765,0.01983272,-0.05948191,0.56386251,-0.31032037,0.15340963
17.40000000,-0.00027095,-0.55029083,1.00057043,-0.00052007,-0.44995564,0.00004281,0.00884698,0.00177059,-0.00088672,0.00177040,-0.00088493,0.00265406,-0.16956716,-0.03393636,0.01699547,-0.03393270,0.01696113,-0.05086948,0.56393359,-0.31019945,0.15342994
17.42000000,-0.00012592,-0.55026180,1.00055589,-0.00049105,-0.44997015,0.00008632,0.00575683,0.00115214,-0.00057700,0.00115202,-0.00057583,0.00172703,-0.13916303,-0.02785142,0.01394811,-0.02784842,0.01391993,-0.04174836,0.56398201,-0.31011703,0.15344378
17.44000000,-0.00003650,-0.55024391,1.00054693,-0.00047316,-0.44997909,0.00011314,0.00329196,0.00065884,-0.00032995,0.00065877,-0.00032928,0.00098758,-0.10703374,-0.02142122,0.01072784,-0.02141891,0.01070616,-0.03210970,0.56401186,-0.31006621,0.15345231
17.46000000,0.00001016,-0.55023457,1.00054225,-0.00046382,-0.44998376,0.00012714,0.00148718,0.00029764,-0.00014906,0.00029760,-0.00014876,0.00044615,-0.07314980,-0.01463985,0.00733170,-0.01463827,0.00731688,-0.02194465,0.56402744,-0.31003969,0.15345677
17.48000000,0.00002762,-0.55023107,1.00054050,-0.00046032,-0.44998550,0.00013238,0.00037786,0.00007562,-0.00003787,0.00007562,-0.00003780,0.00011336,-0.03748172,-0.00750141,0.00375674,-0.00750060,0.00374915,-0.01124437,0.56403327,-0.31002976,0.15345843
17.50000000,0.00003015,-0.55023057,1.00054025,-0.00045982,-0.44998576,0.00013314,0.00000000,0.00000000,-0.00000000,0.00000000,-0.00000000,0.00000000,0.00000000,0.00000000,-0.00000000,0.00000000,-0.00000000,0.00000000,0.56403411,-0.31002833,0.15345868
